/	Landing
/404	NotFound
/administrator	AdministratorPortal
/executive	ExecutiveEntrance
/forgot-password	ForgotPassword
/invite	AcceptInvite
/login	Login
/onboarding	Onboarding
/portal	Dashboard
/portal/1031-advanced	Section1031AdvancedExchange
/portal/1031-exchange	Exchange1031Calc
/portal/1031-exchange-analyzer	Exchange1031Analyzer
/portal/199a-optimizer	Section199ADeductionOptimizer
/portal/529-advanced	Section529AdvancedPlanner
/portal/529-vs-iul	Education529VsIULCalc
/portal/529-vs-iul	H529EducationHub
/portal/aca-subsidy	ACASubsidyCalc
/portal/admin	EnterpriseAdmin
/portal/admin/health	AdminHealthDashboard
/portal/advanced-reporting	AdvancedReporting
/portal/advisor-chat	AdvisorChat
/portal/advisor-directory	AdvisorDirectory
/portal/advisor-income-calculator	AdvisorIncomeCalculator
/portal/advisor-training	AdvisorTraining
/portal/advisory-summary	AdvisorySummary
/portal/affiliate-links	AffiliateLinkManager
/portal/agency-tutorial	AgencyTutorial
/portal/agent-tutorial	IndividualAgentTutorial
/portal/ai	AiAssist
/portal/ai-assist	AiAssist
/portal/ai-brain-hub	AIBrainHubPage
/portal/ai-meeting-notes	AIMeetingNotes
/portal/ai-policy-review	AIPolicyReviewGap
/portal/ai-recommender	AiStrategyRecommender
/portal/ai-slides	AISlideGenerator
/portal/ai-strategy-lab	AIStrategyLabPro
/portal/alert-command-center	AlertCommandCenter
/portal/alimony-tax-impact	AlimonyTaxCalc
/portal/alt-allocator	AlternativeInvestmentAllocator
/portal/alt-investment-dd	AlternativeInvestmentDueDiligence2
/portal/alternative-investment	AlternativeInvestment
/portal/alternative-investments	AlternativeInvestmentDueDiligence
/portal/amt-analyzer	AMTAnalyzer
/portal/amt-calculator	AMTCalculator
/portal/amt-calculator	AmtHub
/portal/amt-planner	AlternativeMinimumTaxPlanner
/portal/annual-financial-physical	AnnualFinancialPhysical
/portal/annuity-accumulation-db	AnnuityAccumulationDB
/portal/annuity-comparison	AnnuityComparisonCalc
/portal/annuity-fee-detector	AnnuityHiddenFee
/portal/annuity-income-bridge	AnnuityIncomeBridge
/portal/annuity-memory	AnnuityMemory
/portal/annuity-waterfall	AnnuityWaterfallEngine
/portal/asset-allocation	AssetAllocationCalc
/portal/asset-protection	AssetProtection
/portal/athene-guaranteed-income	AtheneGuaranteedIncome
/portal/athene-pe-plus15	AthenePEPlus15
/portal/audit-defense	AuditDefensePrep
/portal/audit-timeline	AuditTimeline
/portal/autopilot	AutoPilotWorkflow
/portal/avatar-twins	AvatarTwins
/portal/axonic-sp500	AxonicSP500
/portal/backdoor-roth	BackdoorRothCalc
/portal/batch-illustration	BatchIllustration
/portal/batch-slides	BatchSlides
/portal/behavioral-bias	BehavioralBiasDetector
/portal/behavioral-planning	AIBehavioralFinancialPlanning
/portal/beneficiary-ira	BeneficiaryIRAPlanner
/portal/beneficiary-optimization	BeneficiaryOptimization
/portal/billing	Billing
/portal/bond-ladder	BondLadderCalc
/portal/branding	WorkspaceBranding
/portal/budget-50-30-20	Budget503020Calc
/portal/bulk-generation	BulkGeneration
/portal/business-entity	BusinessEntitySelector
/portal/business-exit	BusinessExitPlanner
/portal/business-owner	BusinessOwnerPlanning
/portal/business-succession	BusinessSuccession
/portal/business-valuation	BusinessValuationCalc
/portal/business-valuation	BusinessValuationHub
/portal/buy-sell-agreement	BuySellAgreement
/portal/buy-sell-funding	BuySellFundingCalc
/portal/buy-sell-funding	BuySellFundingHub
/portal/calc-interop-matrix	CalcInteropMatrix
/portal/calculator-hub	CalculatorHub
/portal/capital-gains-tax	CapitalGainsTaxCalc
/portal/captive-insurance	CaptiveInsuranceCalc
/portal/captive-insurance-modeler	CaptiveInsuranceModeler
/portal/captive-iul	CaptiveInsuranceHub
/portal/captive-iul	CaptiveInsuranceIUL
/portal/carrier-comparison	CarrierComparison
/portal/carrier-rates	CarrierRatings
/portal/carrier-ratings	CarrierRatings
/portal/carrier-settings	CarrierSettings
/portal/carrier-strength	CarrierStrengthMonitor
/portal/cascading-optimizer	CascadingMultiStrategyOptimizer
/portal/cash-balance-plan	CashBalancePlanCalc
/portal/cash-balance-plan	DefinedBenefitCashBalanceHub
/portal/cash-flow-optimizer	CashFlowOptimizer
/portal/ce-credits	CECreditTracker
/portal/charitable-giving	CharitableGivingOptimizer
/portal/charitable-giving-dashboard	CharitableGivingDashboard
/portal/charitable-lead-trust	CharitableLeadTrust
/portal/charitable-remainder-unitrust	CharitableRemainderUniTrust
/portal/charitable-stock-donation	CharitableStockCalc
/portal/client-comparison	ClientComparison
/portal/client-files	ClientFiles
/portal/client-health	ClientHealthDashboard
/portal/client-intake	ClientIntakeInterview
/portal/client-intake-recommender	ClientIntakeRecommender
/portal/client-onboarding	ClientOnboardingWizard
/portal/client-onboarding-auto	ClientOnboardingAutomation
/portal/client-portal-config	ClientPortal
/portal/client-portfolio	ClientPortfolioDashboard
/portal/client-presentation	ClientPresentationBuilder
/portal/client-report-gen	ClientReportGenerator
/portal/client-retention	ClientRetentionPredictor
/portal/client-retention-ai	ClientRetentionAssistant
/portal/client-scorecard	ClientScorecard
/portal/client-self-service	ClientSelfServicePortal
/portal/client-snapshot	ClientSnapshotMap
/portal/clients	Clients
/portal/clients/:id	ClientDetail
/portal/clt-engine	CharitableLeadTrustEngine
/portal/clt-engine	CharitableTrustCrtCltHub
/portal/co-pilot	LiveCoPilot
/portal/collaborative-planning	CollaborativePlanning
/portal/college-aid	CollegeAidOptimizer
/portal/combo-recommender	ClientIntakeRecommender
/portal/combo-recommender-v2	ComboRecommender
/portal/command-center	OwnerWarRoom
/portal/commission-calculator	CommissionCalculator
/portal/commission-optimizer	CommissionOptimizer
/portal/commission-tracker	CommissionTracker
/portal/comparison	ComparisonDashboard
/portal/competitive	CompetitiveAnalysis
/portal/compliance	ComplianceExport
/portal/compliance-alerts	ComplianceAlerts
/portal/compliance-audit	ComplianceAuditCenter
/portal/compliance-audit-trail	ComplianceAuditTrail
/portal/compliance-center	ComplianceCommandCenter
/portal/compliance-doc-gen	ComplianceDocGenerator
/portal/compliance-monitoring	ComplianceMonitoringDashboard
/portal/compliance-reports	ComplianceReportGenerator
/portal/compound-interest	CompoundInterestCalc
/portal/concentrated-stock	ConcentratedStock
/portal/concierge	AIWealthConcierge
/portal/cost-of-living	CostOfLivingCalc
/portal/cost-of-waiting	CostOfWaitingCalc
/portal/cost-segregation	CostSegregationAccelerator
/portal/cost-segregation-engine	CostSegregationEngine
/portal/couples	CouplesMode
/portal/credit-card-payoff	CreditCardPayoffCalc
/portal/cross-border-wealth	CrossBorderWealthPlanner
/portal/cross-calc-aggregation	CrossCalcAggregationHub
/portal/cross-feature-intelligence	UnifiedCrossFeatureIntelligence
/portal/cross-purchase	CrossPurchaseAgreement
/portal/crt-calculator	CRTCalculator
/portal/crt-deep-dive	CRTDeepDive
/portal/crt-engine	CharitableRemainderTrustEngine
/portal/crt-wealth-replacement	CRTWealthReplacement
/portal/crut-deep-dive	CRUTDeepDive
/portal/crypto-corner	CryptoCurrencyCorner
/portal/crypto-tax	CryptoTaxCalc
/portal/daf-strategic	DAFStrategicPlanner
/portal/daf-vs-direct-giving	DAFvsDirectCalc
/portal/daily-briefing	DailyBriefing
/portal/daily-discovery	DailyDiscovery
/portal/dashboard	Dashboard
/portal/data-bus-dashboard	UnifiedDataBusDashboard
/portal/data-completeness	DataCompletenessTracker
/portal/data-flow-visualizer	DataFlowVisualizer
/portal/data-query	NaturalLanguageQuery
/portal/dca-vs-lump-sum	DCAvsLumpSumCalc
/portal/deal-closer	AIDealCloser
/portal/debt-payoff	DebtPayoffStrategy
/portal/debt-payoff-optimizer	DebtPayoffOptimizerCalc
/portal/debt-recycling	DebtRecyclingStrategy
/portal/deduction-optimizer	DeductionOptimizerCalc
/portal/deep-organism	DeepOrganismDashboard
/portal/deferred-comp	DeferredCompensationAnalyzer
/portal/deferred-compensation	DeferredCompCalc
/portal/deferred-compensation	DeferredCompHub
/portal/defined-benefit	DefinedBenefitPlanner
/portal/depreciation-recapture	RealEstateDepreciationRecapture
/portal/depreciation-tax-shield	DepreciationTaxShieldCalc
/portal/digital-estate	DigitalAssetEstatePlanner
/portal/digital-estate-planner	DigitalEstatePlanner
/portal/direct-indexing	DirectIndexingOptimizer
/portal/disability-gap	DisabilityGapAnalysis
/portal/disability-insurance-needs	DisabilityInsuranceCalc
/portal/divorce-calculator	DivorceCalculator
/portal/divorce-financial	DivorceFinancialPlanner
/portal/divorce-impact	DivorceFinancialImpact
/portal/divorce-settlement-enhanced	DivorceSettlementCalc
/portal/document-templates	DocumentTemplates
/portal/document-vault	DocumentVault
/portal/drip-growth	DRIPGrowthCalc
/portal/dst-analyzer	DSTAnalyzer
/portal/dynasty-trust	DynastyTrustArchitect
/portal/dynasty-trust-planner	DynastyTrustPlanner
/portal/ecological-drivers	EcologicalDrivers
/portal/education	EducationHub
/portal/education-529	Education529Planner
/portal/email-campaigns	EmailCampaignManager
/portal/emergency-fund	EmergencyFundPlanner
/portal/emergency-fund-vs-iul	EmergencyFundVsIULCalc
/portal/employee-retention	EmployeeRetentionStrategy
/portal/employee-stock-options	EmployeeStockOptions
/portal/engagement-score	ClientEngagementScore
/portal/engine-chaining	EngineChainingPipeline
/portal/engine-fusion	EngineFusionLab
/portal/enterprise	EnterpriseAdmin
/portal/entity-comparison	EntityComparisonCalc
/portal/equity-compensation	EquityCompensationHub
/portal/esop-analyzer	ESOPAnalyzer
/portal/esop-buyout	ESOPLeveragedBuyoutPlanner
/portal/esop-calculator	ESOPCalculator
/portal/estate-document-gen	EstateDocumentGenerator
/portal/estate-flow	EstateDocumentsHub
/portal/estate-flow	EstateFlowChart
/portal/estate-freeze-comparison	EstateFreezeComparison
/portal/estate-liquidity	EstateLiquidityCalc
/portal/estate-planning-sim	EstatePlanningSimulator
/portal/estate-tax	EstateTax
/portal/estate-tax	EstateTaxLiquidityHub
/portal/estate-timeline	EstatePlanningTimeline
/portal/estate-wealth-transfer	EstateWealthTransfer
/portal/executive-bonus	ExecutiveBonusPlan
/portal/executive-bridge	ExecutiveRetirementBridge
/portal/executive-comp	ExecutiveCompOptimizer
/portal/existing-annuities	AnnuityComparisonReviewHub
/portal/existing-annuities	ExistingAnnuities
/portal/expat-tax	ExpatTaxPlanner
/portal/family-bank	FamilyBankStrategy
/portal/family-constitution	FamilyWealthConstitution
/portal/family-governance	FamilyGovernanceFramework
/portal/family-limited-partnership	FamilyLimitedPartnership
/portal/family-office	FamilyOfficeSimulator
/portal/family-tree	FamilyTreeFinancial
/portal/fbar-fatca	FBARFATCACompliance
/portal/fee-impact	FeeImpactCalc
/portal/fee-transparency	FeeTransparencyDashboard
/portal/fia-collateral	FIACollateralStrategy
/portal/fia-top10	FIATop10
/portal/fiduciary-compliance	FIDOComplianceTracker
/portal/fiduciary-tracker	FiduciaryDutyTracker
/portal/financial-dna	FinancialDNA
/portal/financial-freedom-number	FinancialFreedomCalc
/portal/financial-health-score	FinancialHealthScoreCalc
/portal/financial-independence	FinancialIndependenceCalc
/portal/financial-nerve-center	FinancialNerveCenter
/portal/financial-plan-checklist	FinancialPlanChecklist
/portal/financial-vitals	FinancialVitalsScorecard
/portal/fire-calculator	FIRECalculator
/portal/flp-planner	FamilyLimitedPartnershipPlanner
/portal/fluency-academy	FinancialFluencyAcademy
/portal/gain-loss-harvesting	TaxGainLossCalc
/portal/generational-wealth	GenerationalWealthSim
/portal/generational-wealth-sim	GenerationalWealthSimulator
/portal/goals-planning	GoalsBasedPlanning
/portal/grantor-trust	GrantorTrustStrategy
/portal/grat	GRATPlanner
/portal/grat-calculator	GRATCalculator
/portal/grat-calculator	GratPlannerHub
/portal/growth-annuities	GrowthAnnuities
/portal/gst-trust	GSTTrustPlanner
/portal/gstt-calculator	GSTTCalculator
/portal/healthcare-cost	HealthcareCostProjector
/portal/heartfire-legacy	HeartfireLegacy
/portal/hidden-material	HiddenMaterial
/portal/home-affordability	HomeAffordabilityCalc
/portal/hot-income	HotIncome
/portal/house-recycling	HouseRecyclingStrategy
/portal/household-wealth	HouseholdWealth
/portal/hsa-maximizer	HSAMaximizer
/portal/hsa-triple-tax	HSATripleTaxCalc
/portal/hubspot	HubSpotSync
/portal/ibbotson-charts	IbbotsonCharts
/portal/idgt-advanced	IDGTAdvancedModeler
/portal/idgt-advanced	IdgtGrantorTrustHub
/portal/idgt-modeler	IDGTModeler
/portal/idr-comparison	IDRComparisonCalc
/portal/idr-comparison	StudentLoanHub
/portal/ilit-analyzer	ILITAnalyzer
/portal/ilit-calculator	ILITCalculator
/portal/ilit-calculator	IlitPlannerHub
/portal/ilit-deep-dive	ILITDeepDive
/portal/illustration-compare	IllustrationCompare
/portal/illustration-compare	IllustrationQuotingHub
/portal/impact-scorecard	ImpactScorecard
/portal/incentive-trust	IncentiveTrustDesigner
/portal/income-annuity-top10	IncomeAnnuityTop10
/portal/income-floor	RetirementIncomeFloorPlanner
/portal/income-floor-strategy	RetirementIncomeFloorStrategy
/portal/income-gap	IncomeGapAnalyzer
/portal/income-protection	IncomeProtectionPlanner
/portal/income-shifting	IncomeShiftingCalc
/portal/income-timeline	IncomeTimeline
/portal/index-backtester	IndexBacktester
/portal/index-strategies	IndexStrategyComparison
/portal/infinity-banking	InfinityBankingConcept
/portal/inflation	InflationAnalysis
/portal/inflation-adjusted-income	InflationAdjustedCalc
/portal/inflation-protection	InflationProtectionSuite
/portal/inflation-returns	InflationAdjustedReturnCalculator
/portal/inherited-roth	InheritedRothPlanner
/portal/innovation-dashboard	InnovationDashboard
/portal/installment-sale	InstallmentSaleCalc
/portal/installment-sale-strategy	InstallmentSale
/portal/insurance-coverage-command	InsuranceCoverageCommand
/portal/insurance-gap	InsuranceGapAnalyzer
/portal/integrations	Integrations
/portal/international-tax	InternationalTax
/portal/international-trust	InternationalTrustPlanner
/portal/irc-reference	ComprehensiveIRCReferenceIndex
/portal/iul-compliance-engine	IULComplianceEngine
/portal/iul-historical	IULHistoricalPerformance
/portal/iul-max-funded	IULMaxFundedEngine
/portal/iul-vs-roth	IULvsRoth
/portal/journey-navigator	ClientJourneyNavigator
/portal/key-person-insurance	KeyPersonInsuranceCalc
/portal/key-person-insurance	KeyPersonInsuranceHub
/portal/knowledge	Knowledge
/portal/lab	LabLayer2
/portal/lead-generator	LeadGenerator
/portal/leaderboard	Leaderboard
/portal/lease-vs-buy	LeaseVsBuyCalc
/portal/legacy-vault	LegacyVault
/portal/legal-payment-folder	LegalPaymentFolder
/portal/life-insurance-needs	LifeInsuranceNeedsCalc
/portal/life-settlement	LifeSettlementAnalyzer
/portal/lifestyle-inflation	LifestyleInflationCalc
/portal/lifetime-income	LifetimeGuaranteedIncome
/portal/like-kind-exchange	LikeKindExchangeCalc
/portal/living-benefits	LivingBenefitsProbability
/portal/living-benefits	LtcPlanningHub
/portal/living-risk-profile	LivingRiskProfile
/portal/long-term-care	LongTermCarePlanner
/portal/long-term-care-hybrid	LongTermCareHybrid
/portal/longitudinal-risk	LongitudinalRiskOptimizer
/portal/ltc-cost	LTCCostCalc
/portal/marginal-tax-rate	MarginalTaxRateCalc
/portal/market-data	MarketDataDashboard
/portal/market-pulse	MarketPulseSentinel
/portal/market-stress-test	MarketScenarioStressTest
/portal/mastery-nexus	MasteryNexus
/portal/medicaid-planning	MedicaidPlanning
/portal/medicare-irmaa	MedicareIRMAA
/portal/medicare-irmaa	MedicareIrmaaHub
/portal/medicare-irmaa-calc	MedicareIRMAACalc
/portal/medicare-part-d	MedicarePartDPlanner
/portal/meeting-agenda	MeetingAgenda
/portal/meeting-prep	AdvisorMeetingPrep
/portal/meetings	Meetings
/portal/mega-backdoor-roth	MegaBackdoorRothCalc
/portal/mesh-health	MeshHealthMonitor
/portal/millionaire-calculator	MillionaireCalc
/portal/monitoring-agreement	SupervisorMonitoringAgreement
/portal/morning-ritual	MorningRitual
/portal/mortgage-killer	MortgageKiller
/portal/mortgage-killer	MortgageKillerHub
/portal/mortgage-killer-v2	MortgageKillerV2
/portal/mortgage-killer-v3	MortgageKillerV3
/portal/multi-carrier-iul	MultiCarrierIULOptimizer
/portal/multi-currency	MultiCurrencyWealth
/portal/multi-gen-roth	MultiGenerationalRothStrategy
/portal/multi-gen-wealth	DynastyMultiGenTransferHub
/portal/multi-gen-wealth	MultiGenWealthTransfer
/portal/multi-generational-wealth	MultiGenerationalWealthEngine
/portal/muni-bond-ladder	MuniBondLadderCalc
/portal/my-slides	MySlides
/portal/my-world	MyWorld
/portal/myga-fixed-rate	MYGAFixedRate
/portal/myga-waterfall	MYGAWaterfallComparison
/portal/nav-placeholder	NavPlaceholder
/portal/nerve-center	NerveCenter
/portal/net-worth-tracker	NetWorthTrackerCalc
/portal/nii-surtax	NIISurtaxOptimizer
/portal/nua-calculator	NUACalculator
/portal/nua-planner	NetUnrealizedAppreciationPlanner
/portal/nua-strategy	NUAStrategy
/portal/oil-gas-strategy	OilGasTaxStrategy
/portal/onboarding	Onboarding
/portal/onboarding-quiz	OnboardingQuiz
/portal/onboarding-v2	OnboardingWizardV2
/portal/onboarding-workflow	ClientOnboardingWorkflow
/portal/opportunity-zone	OpportunityZoneCalc
/portal/opportunity-zone	OpportunityZoneHub
/portal/options-profit-loss	OptionsProfitCalc
/portal/organism-control	OrganismControlCenter
/portal/organism-dashboard	OrganismDashboard
/portal/organism-deep-provider	OrganismDeepProvider
/portal/organism-health	OrganismHealthReport
/portal/overhead-expense	DisabilityProtectionHub
/portal/overhead-expense	OverheadExpenseCalc
/portal/own-occ-disability	OwnOccDisabilityCalc
/portal/owner-oversight	OwnerOversight
/portal/patent-showcase	PatentShowcase
/portal/pe-irr-calculator	PrivateEquityIRRCalc
/portal/pe-secondary-market	PrivateEquitySecondaryMarket
/portal/pe-tax	PrivateEquityTaxPlanner
/portal/peer-benchmarking	PeerBenchmarking
/portal/peer-intel	PeerBenchmarkingIntel
/portal/peer-network	PeerTrustNetwork
/portal/pension-max	PensionMaxCalc
/portal/pension-max-engine	PensionMaximizationEngine
/portal/pension-maximization	PensionMaximization
/portal/pension-vs-lump-sum	PensionMaximizationHub
/portal/pension-vs-lump-sum	PensionVsLumpSumCalc
/portal/persona-hub	PersonaHub
/portal/phantom-stock	PhantomStockPlanner
/portal/philanthropy	PhilanthropyImpactDashboard
/portal/physician-blueprint	PhysicianFinancialBlueprint
/portal/physician-contract	PhysicianContractCalc
/portal/physician-forum	PhysicianForum
/portal/physician-mortgage	PhysicianMortgageAnalyzer
/portal/physician-retirement	PhysicianRetirementBlueprint
/portal/physician-vitals	PhysicianVitalsDashboard
/portal/physicians-edge	PhysiciansEdge
/portal/pipeline	Pipeline
/portal/policy-loans	PolicyLoans
/portal/policy-replacement	PolicyReplacementAnalyzer
/portal/policy-review	PolicyReview
/portal/policy-review-checklist	PolicyReviewChecklist
/portal/policy-review-checklist	PolicyReviewHub
/portal/portfolio-drift	PortfolioDriftMonitor
/portal/portfolio-risk-return	PortfolioRiskCalc
/portal/post-mortem-tax	PostMortemTaxPlanner
/portal/ppli	PpliPrivatePlacementHub
/portal/ppli	PrivatePlacementLifeInsurance
/portal/ppli-modeler	PPLIModeler
/portal/ppva	PrivatePlacementAnnuity
/portal/practice-sync	PracticeWealthSync
/portal/practice-valuation	PracticeValuation
/portal/predictive-analytics	PredictiveAnalytics
/portal/premium-financing	PremiumFinancing
/portal/premium-financing	PremiumFinancingHub
/portal/premium-financing-arbitrage	PremiumFinancingArbitrage
/portal/premium-financing-calc	PremiumFinancingCalculator
/portal/presentation-builder	PresentationBuilder
/portal/presentation-vault	PresentationVault
/portal/private-credit	PrivateCredit
/portal/private-foundation	PrivateFoundationPlanner
/portal/private-placement	PrivatePlacement
/portal/private-reit	PrivateREITAnalyzer
/portal/projection-theater	WealthProjectionTheater
/portal/property-tax-appeal	PropertyTaxAppealCalc
/portal/prospect-qualification	ProspectQualification
/portal/pslf-calculator	PSLFCalculator
/portal/qbi-calculator	QBICalculator
/portal/qbi-calculator	Section199AQbiHub
/portal/qlac-calculator	QLACCalculator
/portal/qprt	QPRTPlanner
/portal/qprt-advanced	QPRTAdvancedPlanner
/portal/qprt-calculator	QPRTCalculator
/portal/qprt-calculator	QprtPlannerHub
/portal/qsbs	QualifiedSmallBusinessStock
/portal/qsbs-exclusion	QSBSExclusionCalc
/portal/qualified-opportunity-fund	QualifiedOpportunityFund
/portal/qualified-plan-maximizer	QualifiedPlanMaximizer
/portal/quick-quote	QuickQuote
/portal/quotes	CarrierQuotes
/portal/re-stacking	RealEstateStackingStrategy
/portal/real-estate-mogul	RealEstateMogul
/portal/real-estate-portfolio	RealEstatePortfolioManager
/portal/real-estate-syndication	RealEstateSyndicationAnalyzer
/portal/rebalance	RebalanceAlerts
/portal/recommendations	Recommendations
/portal/referral-tracker	ReferralTracker
/portal/referral-tracking	ReferralTracking
/portal/refinance-break-even	RefinanceBreakEvenCalc
/portal/rental-property-roi	RentalPropertyROICalc
/portal/report-builder	ClientReportBuilder
/portal/residency-to-attending	ResidencyToAttendingCalc
/portal/retirement-advantage	RetirementAdvantage
/portal/retirement-budget	RetirementBudgetCalc
/portal/retirement-distributions	RetirementPlanDistributionPlanner
/portal/retirement-gap	RetirementGapInflation
/portal/retirement-guardrails	RetirementGuardrails
/portal/retirement-healthcare	RetirementHealthcareCalc
/portal/retirement-income-proj	RetirementIncomeProjector
/portal/retirement-projection	RetirementIncomeProjection
/portal/retirement-projection	RetirementIncomeProjectorHub
/portal/retirement-readiness	RetirementReadinessCenter
/portal/reveal-demo	ResultRevealDemo
/portal/revenue-guarantee	RevenueGuarantee
/portal/reverse-heloc	MortgageRefiToolsHub
/portal/reverse-heloc	ReverseHeloc
/portal/reverse-mortgage	ReverseMortgageCalc
/portal/risk-compliance	RiskComplianceDashboard
/portal/risk-tolerance	RiskToleranceScoring
/portal/rmd-calculator	RMDCalculator
/portal/roth-conversion	RothConversionSTR
/portal/roth-conversion	RothStrategyHub
/portal/roth-conversion-analyzer	RothConversionAnalyzer
/portal/roth-vs-traditional	RothVsTraditionalCalc
/portal/rsu-tax	RSUTaxCalc
/portal/rsu-tax-planning	RSUTaxPlanning
/portal/russell-number	RussellNumber
/portal/sabbatical-planner	SabbaticalPlannerCalc
/portal/safe-withdrawal-rate	SafeWithdrawalCalc
/portal/sales-story	SalesStoryBuilder
/portal/sales-story	SalesStoryBuilderHub
/portal/saved-scenarios	SavedScenariosHub
/portal/savings-rate-impact	SavingsRateCalc
/portal/scenario-play	MultiScenarioPlayZone
/portal/scenario-side-by-side	ScenarioSideBySide
/portal/scenarios	ScenarioAdjustments
/portal/secret-secrets	SecretSecrets
/portal/secret-secrets/:id	SecretDetail
/portal/section-1202	Section1202Planner
/portal/section-199a	Section199AOptimizer
/portal/section-2701	Section2701ValuationPlanner
/portal/sector-rotation	SectorRotationCalc
/portal/self-employment-tax	SelfEmploymentTaxCalc
/portal/seminar-generator	SeminarGenerator
/portal/seminar-generator	SlidesPresentationsHub
/portal/sequence-of-returns	SequenceOfReturnsRisk
/portal/serp-analyzer	SERPAnalyzer
/portal/severance-calculator	SeveranceCalc
/portal/short-term-rental	ShortTermRentalStrategy
/portal/slack	SlackIntegration
/portal/slat-deep-dive	SLATDeepDive
/portal/slat-deep-dive	SlatSpousalTrustHub
/portal/slat-planner	SLATPlanner
/portal/smart-rebalancing	SmartRebalancingAlerts
/portal/smart-routing	SmartRoutingDashboard
/portal/social-security	SocialSecurityOptimizer
/portal/social-security-maximizer	SocialSecurityMaximizer
/portal/special-needs	SpecialNeedsPlanner
/portal/special-needs-trust	SpecialNeedsTrustCalc
/portal/spend-vs-invest	SpendVsInvestCalc
/portal/spending-guardrails	RetirementSpendingGuardrails
/portal/split-dollar	SplitDollarHub
/portal/split-dollar	SplitDollarLifeInsurance
/portal/split-dollar-life	SplitDollarLife
/portal/spousal-lifetime-access	SpousalLifetimeAccess
/portal/spousal-ss-coordination	SpousalSSCalc
/portal/ss-bridge	SocialSecurityBridge
/portal/ss-bridge	SocialSecurityOptimizerHub
/portal/ss-bridge-strategy	SocialSecurityBridgeStrategy
/portal/stale-digest	StaleDigest
/portal/state-tax-arbitrage	StateTaxArbitrageCalc
/portal/state-tax-migration	StateTaxMigration
/portal/state-trust-planning	GraniteStateTrustPlanner
/portal/story-generator	ClientStoryGenerator
/portal/str-strategy	STRStrategy
/portal/str-tax-strategy	ShortTermRentalTaxStrategy
/portal/strategy	StrategyLab
/portal/strategy-compare	StrategyCompareTool
/portal/strategy-synergy	StrategySynergyHub
/portal/stress-test	PortfolioStressTest
/portal/stretch-ira	StretchIRAStrategy
/portal/structured-notes	StructuredNoteAnalyzer
/portal/structured-settlement	StructuredSettlementPlanner
/portal/student-loan-optimizer	StudentLoanOptimizer
/portal/student-loan-vs-invest	StudentLoanVsInvestCalc
/portal/succession-engine	SuccessionPlanningEngine
/portal/succession-plan	SuccessionPlanCalc
/portal/succession-planning	BusinessSuccessionHub
/portal/succession-planning	SuccessionPlanningWizard
/portal/succession-valuation	SuccessionValuation
/portal/survivor-benefits	SurvivorBenefitPlanner
/portal/syndication-deal	SyndicationDealAnalyzer
/portal/tax-advantaged-growth	TaxAdvantagedGrowth
/portal/tax-alpha-scorecard	TaxAlphaScorecard
/portal/tax-bracket-navigator	TaxBracketNavigator
/portal/tax-brackets	TaxBracketVisualizer
/portal/tax-code-simulator	TaxCodeChangeSimulator
/portal/tax-combos	TaxFreeWealthCombos
/portal/tax-combos/:id	ComboDetail
/portal/tax-credits	TaxCreditOptimizer
/portal/tax-deferred-exchange	H1031LikeKindExchangeHub
/portal/tax-deferred-exchange	TaxDeferredExchangeTimeline
/portal/tax-equivalent-yield	TaxEquivalentYieldCalc
/portal/tax-loss-harvest-calc	TaxLossHarvestCalc
/portal/tax-loss-harvesting	TaxLossHarvestingHub
/portal/tax-loss-harvesting	TaxLossHarvestingScanner
/portal/tax-opportunities	TaxOpportunityDetector
/portal/tax-optimization-command	TaxOptimizationCommand
/portal/tax-optimizer	TaxStrategyOptimizer
/portal/tax-projection	TaxProjectionEngine
/portal/tax-return-upload	TaxReturnUpload
/portal/tax-waterfall	TaxWaterfall
/portal/taxable-account	TaxableAccountOptimizer
/portal/taxable-estate	TaxableEstateCalculator
/portal/team	Team
/portal/team-management	TeamManagement
/portal/tenant-in-common	TenantInCommonAnalyzer
/portal/term-vs-whole-vs-iul	TermVsWholeVsIULCalc
/portal/the-arrival	TheArrival
/portal/the-brotherhood	TheBrotherhood
/portal/the-field	TheField
/portal/the-legacy	TheLegacy
/portal/the-map	TheMap
/portal/the-mirror	TheMirror
/portal/the-strategy-table	TheStrategyTable
/portal/time-lapse	TimeLapse
/portal/time-machine	TimeMachine
/portal/time-machine-ag49	TimeMachineAG49
/portal/time-machine-calculator	TimeMachineCalculator
/portal/time-machine-method	TimeMachineMethod
/portal/tool-explorer	ToolExplorer
/portal/trust-comparison-matrix	TrustComparisonMatrix
/portal/trust-decanting	TrustDecantingPlanner
/portal/trust-funding	TrustFundingChecklist
/portal/trusts	TrustsPage
/portal/umbrella-insurance	UmbrellaInsuranceCalc
/portal/usage-analytics	UsageAnalyticsDashboard
/portal/vacation-rental	VacationRentalCalc
/portal/variable-annuity	VariableAnnuityAnalyzer
/portal/video-library	VideoLibrary
/portal/video-proposals	VideoProposalGenerator
/portal/voice-plan	VoicePlanBuilder
/portal/volatility-harvesting	VolatilityHarvestingEngine
/portal/w4-optimizer	W4OptimizerCalc
/portal/war-room	WarRoom
/portal/war-story-generator	WarStoryGenerator
/portal/wealth-accumulation	WealthAccumulationSimulator
/portal/wealth-canvas	DimensionalWealthCanvas
/portal/wealth-dashboard	WealthDashboardSummary
/portal/wealth-erosion	WealthErosionTracker
/portal/wealth-rituals	WealthRituals
/portal/wealth-timeline	WealthAccumulationTimeline
/portal/wealth-transfer-comparison	WealthTransferVehicleComparison
/portal/wealth-transfer-scoreboard	WealthTransferScoreboard
/portal/wealth-transfer-scorecard	WealthTransferScorecard
/portal/wealth-transfer-timeline	WealthTransferTimeline
/portal/webhooks	Webhooks
/portal/website-usage	WebsiteUsage
/portal/welcome	OnboardingWizard
/portal/whole-life-dividend	WholeLifeDividendEngine
/portal/will-writer	WillWriter
/portal/windfall-management	WindfallCalc
/portal/withdrawal-rate	WithdrawalRateOptimizer
/portal/withdrawal-sequencer	TaxEfficientWithdrawalSequencer
/portal/withdrawal-sequencing	GuaranteedLifetimeIncomeHub
/portal/withdrawal-sequencing	WithdrawalSequencing
/portal/workflow-automations	WorkflowAutomations
/portal/wrapped	RussellWrapped
/portal/zero-based-budget	ZeroBasedBudgetCalc
/pricing	Pricing
/privacy	Privacy
/register	Register
/reset-password	ResetPassword
/shared-slides/:token	SharedSlidesViewer
/shared/:token	SharedProjection
/support	Support
/terms	Terms
/trial	TrialLogin
/video/:token	VideoViewer
