/	FrontDoor
/404	NotFound
/administrator	AdministratorPortal
/calculators	MassiveCalculatorsPage
/executive	ExecutiveEntrance
/fact-finder	FactFinderPage
/for	SpecialtyIndexPage
/for/:slug	SpecialtyPage
/forgot-password	ForgotPassword
/invite	AcceptInvite
/login	Login
/onboarding	Onboarding
/portal	InfiniteScroll
/portal/admin	EnterpriseAdmin
/portal/advanced-reporting	AdvancedReporting
/portal/advisor	AdvisorDashboard
/portal/advisor-chat	AdvisorChat
/portal/advisor-directory	AdvisorDirectory
/portal/advisor-income-calculator	AdvisorIncomeCalculator
/portal/advisor-training	AdvisorTraining
/portal/advisory-summary	AdvisorySummary
/portal/affiliate-links	AffiliateLinkManager
/portal/agency-tutorial	AgencyTutorial
/portal/agent-tutorial	IndividualAgentTutorial
/portal/ai	AiAssist
/portal/ai-advisor	AIFinancialAdvisor
/portal/ai-assist	AiAssist
/portal/ai-brain-hub	AIBrainHubPage
/portal/ai-meeting-notes	AIMeetingNotes
/portal/ai-policy-review	AIPolicyReviewGap
/portal/ai-recommender	AiStrategyRecommender
/portal/ai-slides	AISlideGenerator
/portal/alt-credit	AltCreditHub
/portal/alt-credit/:slug	AltCreditDetail
/portal/annuity-accumulation-db	AnnuityAccumulationDB
/portal/annuity-explorer	AnnuityExplorerPage
/portal/annuity-memory	AnnuityMemory
/portal/arena	Arena
/portal/athene-guaranteed-income	AtheneGuaranteedIncome
/portal/athene-pe-plus15	AthenePEPlus15
/portal/audit-timeline	AuditTimeline
/portal/auto-closer	AutoCloserPage
/portal/avatar-twins	AvatarTwins
/portal/axonic-sp500	AxonicSP500
/portal/batch-illustration	BatchIllustration
/portal/batch-slides	BatchSlides
/portal/beneficiary-optimization	BeneficiaryOptimization
/portal/billing	Billing
/portal/black-mirror	BlackMirror
/portal/branding	WorkspaceBranding
/portal/bulk-generation	BulkGeneration
/portal/business-owner	BusinessOwnerPlanning
/portal/career-path	CareerPathPage
/portal/carrier-comparison	CarrierComparison
/portal/carrier-rates	CarrierRatings
/portal/carrier-ratings	CarrierRatings
/portal/carrier-settings	CarrierSettings
/portal/certifications	CertificationsPage
/portal/chain	ChainBuilder
/portal/charitable-giving	CharitableGivingOptimizer
/portal/client	ClientDashboard
/portal/client-comparison	ClientComparison
/portal/client-files	ClientFiles
/portal/client-health	ClientHealthDashboard
/portal/client-intake	ClientIntakeInterview
/portal/client-intake-recommender	ClientIntakeRecommender
/portal/client-onboarding	ClientOnboardingWizard
/portal/client-onboarding-auto	ClientOnboardingAutomation
/portal/client-portal-config	ClientPortal
/portal/client-portfolio	ClientPortfolioDashboard
/portal/client-report-generator	ClientReportGenerator
/portal/client-scorecard	ClientScorecard
/portal/client-self-service	ClientSelfServicePortal
/portal/client-snapshot	ClientSnapshotMap
/portal/clients	Clients
/portal/clients/:id	ClientDetail
/portal/co-pilot	LiveCoPilot
/portal/collaborative-planning	CollaborativePlanning
/portal/combo-recommender	ClientIntakeRecommender
/portal/command	CommandPage
/portal/command-center	OwnerWarRoom
/portal/commission-calculator	CommissionCalculator
/portal/commission-tracker	CommissionTracker
/portal/comparison	ComparisonDashboard
/portal/compete	CompetePage
/portal/competitive	CompetitiveAnalysis
/portal/compliance	ComplianceExport
/portal/compliance-alerts	ComplianceAlerts
/portal/compliance-audit	ComplianceAuditCenter
/portal/compliance-audit-trail	ComplianceAuditTrail
/portal/compliance-monitoring	ComplianceMonitoringDashboard
/portal/compliance-reports	ComplianceReportGenerator
/portal/compliance-vault	ComplianceVaultPage
/portal/connections	Connections
/portal/controls	Controls
/portal/couples	CouplesMode
/portal/crypto-corner	CryptoCurrencyCorner
/portal/crypto-cycle	CryptoCyclePage
/portal/daily-briefing	DailyBriefing
/portal/daily-discovery	DailyDiscovery
/portal/dashboard	Dashboard
/portal/data-query	NaturalLanguageQuery
/portal/deal-room	DealRoomPage
/portal/disability-gap-analyzer	DisabilityGapAnalyzerPro
/portal/divorce-calculator	DivorceCalculator
/portal/divorce-ilit	DivorceILITStrategyPage
/portal/divorce-recovery	DivorceCalculatorPage
/portal/document-templates	DocumentTemplates
/portal/document-vault	DocumentVault
/portal/earn	EarnPage
/portal/ecological-drivers	EcologicalDrivers
/portal/education	EducationHub
/portal/email-campaigns	EmailCampaignManager
/portal/endgame	Endgame
/portal/engagement-score	ClientEngagementScore
/portal/enterprise	EnterpriseAdmin
/portal/erosion	Erosion
/portal/estate-document-gen	EstateDocumentGenerator
/portal/estate-flow	EstateFlowChart
/portal/estate-planning	EstatePlanningPage
/portal/estate-tax	EstateTax
/portal/exchange-chain	ExchangeChainOptimizer
/portal/existing-annuities	ExistingAnnuities
/portal/explore	ExplorePage
/portal/fee-transparency	FeeTransparencyDashboard
/portal/fia-collateral	FIACollateralStrategy
/portal/fia-top10	FIATop10
/portal/financial-assessment	FinancialAssessment
/portal/financial-vitals	FinancialVitalsScorecard
/portal/forgiveness	Forgiveness
/portal/genome-strategies	GenomeStrategies
/portal/goals-planning	GoalsBasedPlanning
/portal/growth-annuities	GrowthAnnuities
/portal/hidden-material	HiddenMaterial
/portal/hot-income	HotIncome
/portal/house-recycling	HouseRecyclingStrategy
/portal/household-genome	HouseholdGenome
/portal/household-wealth	HouseholdWealth
/portal/how-a-figure-is-made	HowAFigureIsMade
/portal/hubspot	HubSpotSync
/portal/hybrid-income-floor	HybridIncomeFloor
/portal/ibbotson-charts	IbbotsonCharts
/portal/illustration-compare	IllustrationCompare
/portal/income-annuity	IncomeAnnuityPage
/portal/income-annuity-top10	IncomeAnnuityTop10
/portal/income-for-life	IncomeForLife
/portal/income-gap	IncomeGapAnalyzer
/portal/income-timeline	IncomeTimeline
/portal/index-backtester	IndexBacktester
/portal/index-backtester-pro	IndexBacktesterPage
/portal/index-strategies	IndexStrategyComparison
/portal/infinite-banking	InfiniteBanking
/portal/infinite-scroll	InfiniteScroll
/portal/inflation	InflationAnalysis
/portal/inheritance	Inheritance
/portal/integration-scorecard	IntegrationScorecard
/portal/integrations	Integrations
/portal/interior	Interior
/portal/interop-engine	InteropEnginePage
/portal/iul-engine	IulEngine
/portal/iul-historical	IULHistoricalPerformance
/portal/iul-loan-optimizer	IULLoanOptimizer
/portal/iul-projection	IulProjectionPage
/portal/iul-vs-roth	IULvsRoth
/portal/key-person-valuation	KeyPersonValuation
/portal/knowledge	Knowledge
/portal/lead-generator	LeadGenerator
/portal/leaderboard	Leaderboard
/portal/leads	LeadInbox
/portal/legal-payment-folder	LegalPaymentFolder
/portal/lifetime-income	LifetimeGuaranteedIncome
/portal/liquidity-routes	LiquidityRoutesPage
/portal/long-term-care	LongTermCare
/portal/market-data	MarketDataDashboard
/portal/market-pulse	MarketPulsePage
/portal/market-stress-test	MarketScenarioStressTest
/portal/match-and-deploy	MatchAndDeployPage
/portal/mechanism/:slug	MechanismDetail
/portal/mechanism/:slug/providers	MechanismProviders
/portal/mechanism/:slug/sequences	MechanismSequences
/portal/mechanisms	Mechanisms
/portal/medicare-irmaa	MedicareIRMAA
/portal/meeting-agenda	MeetingAgenda
/portal/meeting-prep	MeetingPrepPage
/portal/meetings	Meetings
/portal/monitoring-agreement	SupervisorMonitoringAgreement
/portal/morning-ritual	MorningRitual
/portal/mortgage-killer	MortgageKiller
/portal/mortgage-killer-v2	MortgageKillerV2Page
/portal/mortgage-killer-v3	MortgageKillerV3
/portal/mortgage-ledger	MortgageLedger
/portal/multi-gen-transfer	MultiGenTransfer
/portal/multi-gen-wealth	MultiGenWealthTransfer
/portal/my-journey	MyJourney
/portal/my-slides	MySlides
/portal/my-world	MyWorld
/portal/myga-fixed-rate	MYGAFixedRate
/portal/myga-waterfall	MygaWaterfallPage
/portal/nerve-center	NerveCenter
/portal/oil-gas	OilGasPage
/portal/onboarding	Onboarding
/portal/onboarding-v2	OnboardingWizardV2
/portal/outside-forces	OutsideForces
/portal/owner-oversight	OwnerOversight
/portal/patent-showcase	PatentShowcase
/portal/pet	PetSystem
/portal/physician	PhysicianDashboard
/portal/physician-loan-refi	PhysicianLoanRefi
/portal/physicians-edge	PhysiciansEdge
/portal/pipeline	Pipeline
/portal/plan-ledger	PlanLedger
/portal/planning-cases	PlanningCases
/portal/policy-cost-lab	PolicyCostLab
/portal/policy-loans	PolicyLoans
/portal/policy-review	PolicyReview
/portal/policy-review-checklist	PolicyReviewChecklist
/portal/portfolio-drift	PortfolioDriftMonitor
/portal/practice-acquisition	PracticeAcquisitionDiligence
/portal/predictive-analytics	PredictiveAnalytics
/portal/premium-financing	PremiumFinancing
/portal/presentation-builder	PresentationBuilder
/portal/qbi-optimizer	QbiOptimizer
/portal/quick-quote	QuickQuote
/portal/quotes	CarrierQuotes
/portal/real-estate	RealEstatePage
/portal/real-estate-mogul	RealEstateMogul
/portal/rebalance	RebalanceAlerts
/portal/recin	RECINWorkspace
/portal/recommendations	Recommendations
/portal/referral-engine	ReferralEnginePage
/portal/referral-tracker	ReferralTracker
/portal/referral-tracking	ReferralTracking
/portal/rental-enterprise	RentalEnterprise
/portal/retirement-guardrails	RetirementGuardrails
/portal/retirement-opportunities	RetirementOpportunitiesPage
/portal/retirement-projection	RetirementIncomeProjection
/portal/revenue-guarantee	RevenueGuarantee
/portal/reverse-heloc	ReverseHeloc
/portal/rewards	RewardsVault
/portal/risk-score	RiskScorePage
/portal/risk-tolerance	RiskToleranceScoring
/portal/roth-conversion	RothConversionSTR
/portal/russell-number	RussellNumber
/portal/sales-story	SalesStoryBuilder
/portal/saved-scenarios	SavedScenariosHub
/portal/scenario-play	MultiScenarioPlayZone
/portal/scenario-side-by-side	ScenarioSideBySide
/portal/scenarios	ScenarioAdjustments
/portal/secondary-information	SecondaryInformation
/portal/secret-secrets	SecretSecrets
/portal/secret-secrets/:id	SecretDetail
/portal/seminar-generator	SeminarGenerator
/portal/sequence-planner	SequencePlanner
/portal/settings-classic	SettingsPage
/portal/short-term-rentals	ShortTermRentals
/portal/site-health	SiteHealth
/portal/slack	SlackIntegration
/portal/smart-rebalancing	SmartRebalancingAlerts
/portal/social	SocialNarcotic
/portal/social-security	SocialSecurityOptimizer
/portal/sphere	Sphere
/portal/stale-digest	StaleDigest
/portal/story-generator	ClientStoryGenerator
/portal/str-strategy	STRStrategy
/portal/str-tax-eliminator	STRTaxEliminatorPage
/portal/strategy	StrategyLab
/portal/strategy-combos	ComboRecommender
/portal/strategy-compare	StrategyCompareTool
/portal/succession-planning	SuccessionPlanningWizard
/portal/support-desk	SupportPage
/portal/system-health	SystemHealth
/portal/tax-advantaged-growth	TaxAdvantagedGrowth
/portal/tax-brackets	TaxBracketVisualizer
/portal/tax-combos	TaxFreeWealthCombos
/portal/tax-combos/:id	ComboDetail
/portal/tax-loss-harvesting	TaxLossHarvestingScanner
/portal/tax-opportunities	TaxOpportunityDetector
/portal/tax-return-upload	TaxReturnUpload
/portal/tax-schedule	TaxSchedule
/portal/tax-waterfall	TaxWaterfall
/portal/team	Team
/portal/team-management	TeamManagement
/portal/the-arrival	TheArrival
/portal/the-brotherhood	TheBrotherhood
/portal/the-experience	TheExperiencePage
/portal/the-field	TheField
/portal/the-legacy	TheLegacy
/portal/the-map	TheMap
/portal/the-mirror	TheMirror
/portal/the-strategy-table	TheStrategyTable
/portal/thresholds	Thresholds
/portal/time-lapse	TimeLapse
/portal/time-machine	TimeMachine
/portal/time-machine-ag49	TimeMachineAG49
/portal/time-machine-calculator	TimeMachineCalculator
/portal/time-machine-method	TimeMachineMethod
/portal/toilet	ToiletDashboard
/portal/training	TrainingPage
/portal/transcend	TranscendPage
/portal/trusts	TrustsPage
/portal/video-library	VideoLibrary
/portal/video-proposals	VideoProposalGenerator
/portal/voice	VoiceStudio
/portal/voice-plan	VoicePlanBuilder
/portal/war-room	WarRoom
/portal/war-story-generator	WarStoryGenerator
/portal/wealth-genome	WealthGenomePage
/portal/wealth-reels	InfiniteScroll
/portal/webhooks	Webhooks
/portal/website-usage	WebsiteUsage
/portal/welcome	OnboardingWizard
/portal/whisper-coach	WhisperCoachPage
/portal/whisperer	Whisperer
/portal/will-writer	WillWriter
/portal/withdrawal-sequencing	WithdrawalSequencing
/portal/workflow-automations	WorkflowAutomations
/portal/wrapped	RussellWrapped
/portal/zip-engine	ZipEngine
/pricing	Pricing
/privacy	Privacy
/register	Register
/reset-password	ResetPassword
/shared-slides/:token	SharedSlidesViewer
/shared/:token	SharedProjection
/support	Support
/terms	Terms
/trial	TrialLogin
/ultra-calculator	UltraCalculatorPage
/video/:token	VideoViewer
