/	FrontDoor	Landing
/portal	InfiniteScroll	Dashboard
/portal/estate-flow	EstateFlowChart	EstateDocumentsHub
/portal/estate-tax	EstateTax	EstateTaxLiquidityHub
/portal/existing-annuities	ExistingAnnuities	AnnuityComparisonReviewHub
/portal/illustration-compare	IllustrationCompare	IllustrationQuotingHub
/portal/long-term-care	LongTermCare	LongTermCarePlanner
/portal/market-pulse	MarketPulsePage	MarketPulseSentinel
/portal/medicare-irmaa	MedicareIRMAA	MedicareIrmaaHub
/portal/meeting-prep	MeetingPrepPage	AdvisorMeetingPrep
/portal/mortgage-killer	MortgageKiller	MortgageKillerHub
/portal/mortgage-killer-v2	MortgageKillerV2Page	MortgageKillerV2
/portal/multi-gen-wealth	MultiGenWealthTransfer	DynastyMultiGenTransferHub
/portal/myga-waterfall	MygaWaterfallPage	MYGAWaterfallComparison
/portal/policy-review-checklist	PolicyReviewChecklist	PolicyReviewHub
/portal/premium-financing	PremiumFinancing	PremiumFinancingHub
/portal/retirement-projection	RetirementIncomeProjection	RetirementIncomeProjectorHub
/portal/reverse-heloc	ReverseHeloc	MortgageRefiToolsHub
/portal/roth-conversion	RothConversionSTR	RothStrategyHub
/portal/sales-story	SalesStoryBuilder	SalesStoryBuilderHub
/portal/seminar-generator	SeminarGenerator	SlidesPresentationsHub
/portal/succession-planning	SuccessionPlanningWizard	BusinessSuccessionHub
/portal/tax-loss-harvesting	TaxLossHarvestingScanner	TaxLossHarvestingHub
/portal/withdrawal-sequencing	WithdrawalSequencing	GuaranteedLifetimeIncomeHub
