route,component,measured_value,defective,disposition,flags,plan_score,plan_verdict
/portal/client-report-gen,ClientReportGenerator,7.7,False,EMBED — named tab,,8.6,KEEP-L1
/portal/admin/health,AdminHealthDashboard,4.0,False,EMBED — reference card,,5.6,ENHANCE
/portal/cross-feature-intelligence,UnifiedCrossFeatureIntelligence,4.0,False,EMBED — reference card,,6.1,ENHANCE
/portal/entrainment-engine,EntrainmentEngine,3.9,False,EMBED — reference card,,1.0,CUT
/portal/living-risk-profile,LivingRiskProfile,3.8,False,EMBED — reference card,,6.5,ENHANCE
/portal/report-builder,ClientReportBuilder,3.5,False,EMBED — reference card,,5.9,ENHANCE
/portal/cascading-optimizer,CascadingMultiStrategyOptimizer,3.4,False,UPGRADE or fold into library,,7.1,KEEP-L1
/portal/risk-compliance,RiskComplianceDashboard,3.4,False,UPGRADE or fold into library,,7.2,KEEP-L1
/portal/longitudinal-risk,LongitudinalRiskOptimizer,3.1,False,UPGRADE or fold into library,,6.9,ENHANCE
/portal/ai-strategy-lab,AIStrategyLabPro,3.0,False,UPGRADE or fold into library,,8.0,KEEP-L1
/portal/home-affordability,HomeAffordabilityCalc,3.0,False,UPGRADE or fold into library,,8.7,KEEP-L1
/portal/data-bus-dashboard,UnifiedDataBusDashboard,2.9,False,UPGRADE or fold into library,fabricated-constant,6.1,ENHANCE
/portal/engine-chaining,EngineChainingPipeline,2.7,False,UPGRADE or fold into library,,5.9,ENHANCE
/portal/incentive-trust,IncentiveTrustDesigner,2.7,False,UPGRADE or fold into library,,8.1,KEEP-L1
/portal/predictive-arena,PredictiveInsightArena,2.7,False,UPGRADE or fold into library,,1.0,CUT
/portal/generational-wealth-sim,GenerationalWealthSimulator,2.6,False,UPGRADE or fold into library,,8.6,KEEP-L1
/portal/annuity-fee-detector,AnnuityHiddenFee,2.5,False,UPGRADE or fold into library,,8.4,KEEP-L1
/portal/captive-iul,CaptiveInsuranceIUL,2.5,False,UPGRADE or fold into library,,10.0,KEEP-L1
/portal/crt-wealth-replacement,CRTWealthReplacement,2.5,False,UPGRADE or fold into library,,7.0,KEEP-L1
/portal/deal-closer,AIDealCloser,2.5,False,UPGRADE or fold into library,,7.1,KEEP-L1
/portal/divorce-impact,DivorceFinancialImpact,2.5,False,UPGRADE or fold into library,,7.0,KEEP-L1
/portal/family-office,FamilyOfficeSimulator,2.5,False,UPGRADE or fold into library,,5.9,ENHANCE
/portal/generational-wealth,GenerationalWealthSim,2.5,False,UPGRADE or fold into library,,6.1,MERGE
/portal/iul-compliance-engine,IULComplianceEngine,2.5,False,UPGRADE or fold into library,,9.5,KEEP-L1
/portal/peer-intel,PeerBenchmarkingIntel,2.5,False,UPGRADE or fold into library,,5.9,ENHANCE
/portal/policy-replacement,PolicyReplacementAnalyzer,2.5,False,UPGRADE or fold into library,,6.4,ENHANCE
/portal/premium-financing-arbitrage,PremiumFinancingArbitrage,2.5,False,UPGRADE or fold into library,,10.0,KEEP-L1
/portal/retirement-gap,RetirementGapInflation,2.5,False,UPGRADE or fold into library,,7.5,KEEP-L1
/portal/ss-bridge,SocialSecurityBridge,2.5,False,UPGRADE or fold into library,,9.0,KEEP-L1
/portal/succession-valuation,SuccessionValuation,2.5,False,UPGRADE or fold into library,,9.4,KEEP-L1
/portal/wealth-accumulation,WealthAccumulationSimulator,2.5,False,UPGRADE or fold into library,,6.9,ENHANCE
/portal/sabbatical-planner,SabbaticalPlannerCalc,2.4,False,UPGRADE or fold into library,,6.5,ENHANCE
/portal/rsu-tax-planning,RSUTaxPlanning,2.3,False,UPGRADE or fold into library,,5.9,ENHANCE
/portal/tool-explorer,ToolExplorer,2.3,False,UPGRADE or fold into library,,4.0,ABSORB/CUT
/portal/qsbs,QualifiedSmallBusinessStock,2.2,False,UPGRADE or fold into library,,8.9,KEEP-L1
/portal/sequence-of-returns,SequenceOfReturnsRisk,2.2,False,UPGRADE or fold into library,,7.9,KEEP-L1
/portal/trust-comparison-matrix,TrustComparisonMatrix,2.2,False,UPGRADE or fold into library,,8.7,KEEP-L1
/portal/behavioral-bias,BehavioralBiasDetector,2.1,False,UPGRADE or fold into library,,5.9,ENHANCE
/portal/ce-credits,CECreditTracker,2.1,False,UPGRADE or fold into library,,5.9,ENHANCE
/portal/client-retention,ClientRetentionPredictor,2.1,False,UPGRADE or fold into library,,5.9,ENHANCE
/portal/commission-optimizer,CommissionOptimizer,2.1,False,UPGRADE or fold into library,,4.0,MERGE
/portal/compliance-doc-gen,ComplianceDocGenerator,2.1,False,UPGRADE or fold into library,,5.9,ENHANCE
/portal/direct-indexing,DirectIndexingOptimizer,2.1,False,UPGRADE or fold into library,,5.9,ENHANCE
/portal/disability-gap,DisabilityGapAnalysis,2.1,False,UPGRADE or fold into library,,8.6,KEEP-L1
/portal/estate-planning-sim,EstatePlanningSimulator,2.1,False,UPGRADE or fold into library,,8.1,KEEP-L1
/portal/family-tree,FamilyTreeFinancial,2.1,False,UPGRADE or fold into library,,6.4,ENHANCE
/portal/living-benefits,LivingBenefitsProbability,2.1,False,UPGRADE or fold into library,,10.0,KEEP-L1
/portal/multi-carrier-iul,MultiCarrierIULOptimizer,2.1,False,UPGRADE or fold into library,,9.5,KEEP-L1
/portal/multi-currency,MultiCurrencyWealth,2.1,False,UPGRADE or fold into library,,6.4,ENHANCE
/portal/onboarding-workflow,ClientOnboardingWorkflow,2.1,False,UPGRADE or fold into library,,5.9,ENHANCE
/portal/philanthropy,PhilanthropyImpactDashboard,2.1,False,UPGRADE or fold into library,,5.5,ENHANCE
/portal/prospect-qualification,ProspectQualification,2.1,False,UPGRADE or fold into library,,5.9,ENHANCE
/portal/roth-conversion-analyzer,RothConversionAnalyzer,2.1,False,UPGRADE or fold into library,,8.4,KEEP-L1
/portal/state-tax-migration,StateTaxMigration,2.1,False,UPGRADE or fold into library,,8.6,KEEP-L1
/portal/tax-code-simulator,TaxCodeChangeSimulator,2.1,False,UPGRADE or fold into library,,8.8,KEEP-L1
/portal/tax-optimizer,TaxStrategyOptimizer,2.1,False,UPGRADE or fold into library,,8.4,KEEP-L1
/portal/usage-analytics,UsageAnalyticsDashboard,2.1,False,UPGRADE or fold into library,,5.0,ENHANCE
/portal/fbar-fatca,FBARFATCACompliance,2.0,False,UPGRADE or fold into library,literal-chart-data,5.9,ENHANCE
/portal/organism-dashboard,OrganismDashboard,2.0,False,UPGRADE or fold into library,,6.4,ENHANCE
/portal/ltc-cost,LTCCostCalc,1.9,False,UPGRADE or fold into library,,8.1,KEEP-L1
/portal/projection-theater,WealthProjectionTheater,1.9,False,UPGRADE or fold into library,,6.3,ENHANCE
/portal/rental-property-roi,RentalPropertyROICalc,1.9,False,UPGRADE or fold into library,,6.5,ENHANCE
/portal/retirement-advantage,RetirementAdvantage,1.9,False,UPGRADE or fold into library,,7.6,KEEP-L1
/portal/severance-calculator,SeveranceCalc,1.9,False,UPGRADE or fold into library,,6.5,ENHANCE
/portal/strategy-synergy,StrategySynergyHub,1.9,False,UPGRADE or fold into library,,5.5,ENHANCE
/portal/annual-financial-physical,AnnualFinancialPhysical,1.8,False,UPGRADE or fold into library,,8.0,KEEP-L1
/portal/combo-recommender-v2,ComboRecommender,1.8,False,UPGRADE or fold into library,,8.5,KEEP-L1
/portal/debt-recycling,DebtRecyclingStrategy,1.8,False,UPGRADE or fold into library,,9.4,KEEP-L1
/portal/emergency-fund,EmergencyFundPlanner,1.8,False,UPGRADE or fold into library,,6.5,ENHANCE
/portal/engine-fusion,EngineFusionLab,1.8,False,UPGRADE or fold into library,,5.6,ENHANCE
/portal/income-floor-strategy,RetirementIncomeFloorStrategy,1.8,False,UPGRADE or fold into library,,7.9,KEEP-L1
/portal/infinity-banking,InfinityBankingConcept,1.8,False,UPGRADE or fold into library,,9.5,KEEP-L1
/portal/inflation-returns,InflationAdjustedReturnCalculator,1.8,False,UPGRADE or fold into library,,5.9,ENHANCE
/portal/long-term-care-hybrid,LongTermCareHybrid,1.8,False,UPGRADE or fold into library,,8.1,KEEP-L1
/portal/moat-fortress,MoatFortress,1.8,False,UPGRADE or fold into library,,1.0,CUT
/portal/multi-gen-roth,MultiGenerationalRothStrategy,1.8,False,UPGRADE or fold into library,,8.1,KEEP-L1
/portal/physician-blueprint,PhysicianFinancialBlueprint,1.8,False,UPGRADE or fold into library,,6.3,ENHANCE
/portal/practice-sync,PracticeWealthSync,1.8,False,UPGRADE or fold into library,,10.0,KEEP-L1
/portal/qprt-advanced,QPRTAdvancedPlanner,1.8,False,UPGRADE or fold into library,,8.1,KEEP-L1
/portal/re-stacking,RealEstateStackingStrategy,1.8,False,UPGRADE or fold into library,,8.1,KEEP-L1
/portal/serp-analyzer,SERPAnalyzer,1.8,False,UPGRADE or fold into library,,5.9,ENHANCE
/portal/split-dollar,SplitDollarLifeInsurance,1.8,False,UPGRADE or fold into library,,9.1,KEEP-L1
/portal/str-tax-strategy,ShortTermRentalTaxStrategy,1.8,False,UPGRADE or fold into library,,6.3,ENHANCE
/portal/structured-settlement,StructuredSettlementPlanner,1.8,False,UPGRADE or fold into library,,5.9,ENHANCE
/portal/annuity-income-bridge,AnnuityIncomeBridge,1.7,False,UPGRADE or fold into library,,7.5,KEEP-L1
/portal/carrier-strength,CarrierStrengthMonitor,1.7,False,UPGRADE or fold into library,,5.5,ENHANCE
/portal/charitable-giving-dashboard,CharitableGivingDashboard,1.7,False,UPGRADE or fold into library,,5.9,ENHANCE
/portal/client-retention-ai,ClientRetentionAssistant,1.7,False,UPGRADE or fold into library,,6.0,ENHANCE
/portal/deferred-comp,DeferredCompensationAnalyzer,1.7,False,UPGRADE or fold into library,,6.4,MERGE
/portal/employee-stock-options,EmployeeStockOptions,1.7,False,UPGRADE or fold into library,,5.9,ENHANCE
/portal/fiduciary-tracker,FiduciaryDutyTracker,1.7,False,UPGRADE or fold into library,,5.5,ENHANCE
/portal/income-protection,IncomeProtectionPlanner,1.7,False,UPGRADE or fold into library,,6.3,ENHANCE
/portal/succession-engine,SuccessionPlanningEngine,1.7,False,UPGRADE or fold into library,,6.0,MERGE
/portal/survivor-benefits,SurvivorBenefitPlanner,1.7,False,UPGRADE or fold into library,,5.9,ENHANCE
/portal/wealth-transfer-comparison,WealthTransferVehicleComparison,1.7,False,UPGRADE or fold into library,,8.5,KEEP-L1
/portal/behavioral-planning,AIBehavioralFinancialPlanning,1.6,True,UPGRADE or fold into library,frozen-chart,5.9,ENHANCE
/portal/1031-exchange,Exchange1031Calc,1.5,False,UPGRADE or fold into library,,6.5,ENHANCE
/portal/annuity-comparison,AnnuityComparisonCalc,1.5,False,UPGRADE or fold into library,,9.1,KEEP-L1
/portal/buy-sell-funding,BuySellFundingCalc,1.5,False,UPGRADE or fold into library,,9.5,KEEP-L1
/portal/deferred-compensation,DeferredCompCalc,1.5,False,UPGRADE or fold into library,,9.5,KEEP-L1
/portal/depreciation-tax-shield,DepreciationTaxShieldCalc,1.5,False,UPGRADE or fold into library,,6.5,ENHANCE
/portal/divorce-settlement-enhanced,DivorceSettlementCalc,1.5,False,UPGRADE or fold into library,,6.5,ENHANCE
/portal/entity-comparison,EntityComparisonCalc,1.5,False,UPGRADE or fold into library,,9.5,KEEP-L1
/portal/estate-liquidity,EstateLiquidityCalc,1.5,False,UPGRADE or fold into library,,8.7,KEEP-L1
/portal/financial-health-score,FinancialHealthScoreCalc,1.5,False,UPGRADE or fold into library,,6.5,ENHANCE
/portal/key-person-insurance,KeyPersonInsuranceCalc,1.5,False,UPGRADE or fold into library,,9.5,KEEP-L1
/portal/opportunity-zone,OpportunityZoneCalc,1.5,False,UPGRADE or fold into library,,6.5,ENHANCE
/portal/overhead-expense,OverheadExpenseCalc,1.5,False,UPGRADE or fold into library,,9.5,KEEP-L1
/portal/pavlovian-engagement,GamifiedPavlovianEngagement,1.5,True,UPGRADE or fold into library,frozen-chart|fabricated-constant|literal-chart-data,1.0,CUT
/portal/presentation-vault,PresentationVault,1.5,False,UPGRADE or fold into library,,8.7,KEEP-L1
/portal/qbi-calculator,QBICalculator,1.5,False,UPGRADE or fold into library,,9.0,KEEP-L1
/portal/refinance-break-even,RefinanceBreakEvenCalc,1.5,False,UPGRADE or fold into library,,6.5,ENHANCE
/portal/residency-to-attending,ResidencyToAttendingCalc,1.5,False,UPGRADE or fold into library,fabricated-constant,5.9,ENHANCE
/portal/spend-vs-invest,SpendVsInvestCalc,1.5,False,UPGRADE or fold into library,,6.5,ENHANCE
/portal/umbrella-insurance,UmbrellaInsuranceCalc,1.5,False,UPGRADE or fold into library,,8.1,KEEP-L1
/portal/variable-annuity,VariableAnnuityAnalyzer,1.5,False,UPGRADE or fold into library,literal-chart-data,7.9,KEEP-L1
/portal/wealth-canvas,DimensionalWealthCanvas,1.5,False,UPGRADE or fold into library,,5.9,ENHANCE
/portal/windfall-management,WindfallCalc,1.5,False,UPGRADE or fold into library,,6.5,ENHANCE
/portal/1031-exchange-analyzer,Exchange1031Analyzer,1.4,False,UPGRADE or fold into library,,3.8,MERGE
/portal/529-advanced,Section529AdvancedPlanner,1.4,False,UPGRADE or fold into library,,6.4,ENHANCE
/portal/alt-allocator,AlternativeInvestmentAllocator,1.4,False,UPGRADE or fold into library,,5.9,ENHANCE
/portal/alt-investment-dd,AlternativeInvestmentDueDiligence,1.4,False,UPGRADE or fold into library,,5.9,ENHANCE
/portal/concentrated-stock,ConcentratedStock,1.4,False,UPGRADE or fold into library,,6.3,ENHANCE
/portal/cost-segregation,CostSegregationAccelerator,1.4,False,UPGRADE or fold into library,,5.9,ENHANCE
/portal/cross-border-wealth,CrossBorderWealthPlanner,1.4,False,UPGRADE or fold into library,,5.9,ENHANCE
/portal/depreciation-recapture,RealEstateDepreciationRecapture,1.4,False,UPGRADE or fold into library,,8.1,KEEP-L1
/portal/digital-estate-planner,DigitalEstatePlanner,1.4,False,UPGRADE or fold into library,,8.1,KEEP-L1
/portal/dynasty-trust,DynastyTrustArchitect,1.4,False,UPGRADE or fold into library,,5.6,MERGE
/portal/education-529,Education529Planner,1.4,False,UPGRADE or fold into library,,6.4,ENHANCE
/portal/employee-retention,EmployeeRetentionStrategy,1.4,False,UPGRADE or fold into library,,5.9,ENHANCE
/portal/estate-timeline,EstatePlanningTimeline,1.4,False,UPGRADE or fold into library,,8.1,KEEP-L1
/portal/executive-bridge,ExecutiveRetirementBridge,1.4,False,UPGRADE or fold into library,,8.9,KEEP-L1
/portal/family-bank,FamilyBankStrategy,1.4,False,UPGRADE or fold into library,,5.9,ENHANCE
/portal/family-constitution,FamilyWealthConstitution,1.4,False,UPGRADE or fold into library,,5.9,ENHANCE
/portal/family-governance,FamilyGovernanceFramework,1.4,False,UPGRADE or fold into library,,5.5,ENHANCE
/portal/financial-dna,FinancialDNA,1.4,False,UPGRADE or fold into library,,6.1,ENHANCE
/portal/financial-plan-checklist,FinancialPlanChecklist,1.4,False,UPGRADE or fold into library,,5.5,ENHANCE
/portal/grat,GRATPlanner,1.4,False,UPGRADE or fold into library,,5.6,MERGE
/portal/gst-trust,GSTTrustPlanner,1.4,False,UPGRADE or fold into library,,8.1,KEEP-L1
/portal/holographic-mirage,HolographicMirage,1.4,False,UPGRADE or fold into library,,1.0,CUT
/portal/inherited-roth,InheritedRothPlanner,1.4,False,UPGRADE or fold into library,,8.1,KEEP-L1
/portal/life-settlement,LifeSettlementAnalyzer,1.4,False,UPGRADE or fold into library,,7.5,KEEP-L1
/portal/nua-strategy,NUAStrategy,1.4,False,UPGRADE or fold into library,,5.5,MERGE
/portal/pe-secondary-market,PrivateEquitySecondaryMarket,1.4,False,UPGRADE or fold into library,,5.9,ENHANCE
/portal/pension-max-engine,PensionMaximizationEngine,1.4,False,UPGRADE or fold into library,,5.4,MERGE
/portal/persona-hub,PersonaHub,1.4,False,UPGRADE or fold into library,,6.1,ENHANCE
/portal/phantom-stock,PhantomStockPlanner,1.4,False,UPGRADE or fold into library,,8.9,KEEP-L1
/portal/physician-contract,PhysicianContractCalc,1.4,False,UPGRADE or fold into library,fabricated-constant,8.9,KEEP-L1
/portal/post-mortem-tax,PostMortemTaxPlanner,1.4,False,UPGRADE or fold into library,,5.9,ENHANCE
/portal/ppva,PrivatePlacementAnnuity,1.4,False,UPGRADE or fold into library,,9.1,KEEP-L1
/portal/private-reit,PrivateREITAnalyzer,1.4,False,UPGRADE or fold into library,,5.5,ENHANCE
/portal/spending-guardrails,RetirementSpendingGuardrails,1.4,False,UPGRADE or fold into library,,6.4,ENHANCE
/portal/split-dollar-life,SplitDollarLife,1.4,False,UPGRADE or fold into library,,8.7,KEEP-L1
/portal/ss-bridge-strategy,SocialSecurityBridgeStrategy,1.4,False,UPGRADE or fold into library,,5.4,MERGE
/portal/syndication-deal,SyndicationDealAnalyzer,1.4,False,UPGRADE or fold into library,,5.9,ENHANCE
/portal/tax-credits,TaxCreditOptimizer,1.4,False,UPGRADE or fold into library,,8.4,KEEP-L1
/portal/tax-deferred-exchange,TaxDeferredExchangeTimeline,1.4,False,UPGRADE or fold into library,,8.4,KEEP-L1
/portal/taxable-account,TaxableAccountOptimizer,1.4,False,UPGRADE or fold into library,,8.4,KEEP-L1
/portal/trust-funding,TrustFundingChecklist,1.4,False,UPGRADE or fold into library,,8.1,KEEP-L1
/portal/volatility-harvesting,VolatilityHarvestingEngine,1.4,False,UPGRADE or fold into library,,8.4,KEEP-L1
/portal/1031-advanced,Section1031AdvancedExchange,1.3,False,UPGRADE or fold into library,,5.9,ENHANCE
/portal/annuity-waterfall,AnnuityWaterfallEngine,1.3,False,UPGRADE or fold into library,,7.9,KEEP-L1
/portal/captive-insurance-modeler,CaptiveInsuranceModeler,1.3,False,UPGRADE or fold into library,,6.2,MERGE
/portal/defined-benefit,DefinedBenefitPlanner,1.3,False,UPGRADE or fold into library,,5.9,ENHANCE
/portal/dst-analyzer,DSTAnalyzer,1.3,False,UPGRADE or fold into library,,5.9,ENHANCE
/portal/dynasty-trust-planner,DynastyTrustPlanner,1.3,False,UPGRADE or fold into library,,8.1,KEEP-L1
/portal/fiduciary-compliance,FIDOComplianceTracker,1.3,False,UPGRADE or fold into library,,5.5,ENHANCE
/portal/financial-nerve-center,FinancialNerveCenter,1.3,False,UPGRADE or fold into library,,5.5,ENHANCE
/portal/hsa-maximizer,HSAMaximizer,1.3,False,UPGRADE or fold into library,,5.9,ENHANCE
/portal/iul-max-funded,IULMaxFundedEngine,1.3,False,UPGRADE or fold into library,fabricated-constant,9.5,KEEP-L1
/portal/qsbs-exclusion,QSBSExclusionCalc,1.3,False,UPGRADE or fold into library,,5.9,ENHANCE
/portal/short-term-rental,ShortTermRentalStrategy,1.3,False,UPGRADE or fold into library,,5.9,ENHANCE
/portal/stretch-ira,StretchIRAStrategy,1.3,False,UPGRADE or fold into library,,5.5,ENHANCE
/portal/tax-alpha-scorecard,TaxAlphaScorecard,1.3,False,UPGRADE or fold into library,,8.0,KEEP-L1
/portal/wealth-transfer-timeline,WealthTransferTimeline,1.3,False,UPGRADE or fold into library,,5.5,ENHANCE
/portal/inflation-protection,InflationProtectionSuite,1.2,False,UPGRADE or fold into library,literal-chart-data,5.9,ENHANCE
/portal/life-insurance-needs,LifeInsuranceNeedsCalc,1.2,False,UPGRADE or fold into library,fabricated-constant,8.1,KEEP-L1
/portal/medicare-part-d,MedicarePartDPlanner,1.2,False,UPGRADE or fold into library,literal-chart-data,5.9,ENHANCE
/portal/gstt-calculator,GSTTCalculator,1.1,False,UPGRADE or fold into library,,6.5,ENHANCE
/portal/heartfire-legacy,HeartfireLegacy,1.1,False,UPGRADE or fold into library,,8.2,KEEP-L1
/portal/onboarding-quiz,OnboardingQuiz,1.1,False,UPGRADE or fold into library,,5.0,ENHANCE
/portal/physician-vitals,PhysicianVitalsDashboard,1.1,False,UPGRADE or fold into library,,6.1,ENHANCE
/portal/real-estate-syndication,RealEstatesyndicationAnalyzer,1.1,False,UPGRADE or fold into library,literal-chart-data,8.1,KEEP-L1
/portal/vacation-rental,VacationRentalCalc,1.1,False,UPGRADE or fold into library,,6.5,ENHANCE
/portal/asset-protection,AssetProtection,1.0,False,UPGRADE or fold into library,,5.5,ENHANCE
/portal/business-succession,BusinessSuccession,1.0,False,UPGRADE or fold into library,,8.9,KEEP-L1
/portal/buy-sell-agreement,BuySellAgreement,1.0,False,UPGRADE or fold into library,,8.5,KEEP-L1
/portal/cash-flow-optimizer,CashFlowOptimizer,1.0,False,UPGRADE or fold into library,fabricated-constant,5.9,ENHANCE
/portal/college-aid,CollegeAidOptimizer,1.0,False,UPGRADE or fold into library,fabricated-constant,6.4,ENHANCE
/portal/compliance-center,ComplianceCommandCenter,1.0,False,UPGRADE or fold into library,,6.1,ENHANCE
/portal/cross-purchase,CrossPurchaseAgreement,1.0,False,UPGRADE or fold into library,,8.5,KEEP-L1
/portal/deep-organism,DeepOrganismDashboard,1.0,False,UPGRADE or fold into library,,5.5,ENHANCE
/portal/estate-freeze-comparison,EstateFreezeComparison,1.0,False,UPGRADE or fold into library,,8.1,KEEP-L1
/portal/executive-comp,ExecutiveCompOptimizer,1.0,False,UPGRADE or fold into library,fabricated-constant,8.9,KEEP-L1
/portal/healthcare-cost,HealthcareCostProjector,1.0,False,UPGRADE or fold into library,fabricated-constant,6.4,ENHANCE
/portal/international-tax,InternationalTax,1.0,False,UPGRADE or fold into library,,5.9,ENHANCE
/portal/medicaid-planning,MedicaidPlanning,1.0,False,UPGRADE or fold into library,,5.5,ENHANCE
/portal/nii-surtax,NIISurtaxOptimizer,1.0,False,UPGRADE or fold into library,,5.9,ENHANCE
/portal/organism-control,OrganismControlCenter,1.0,False,UPGRADE or fold into library,,5.9,ENHANCE
/portal/peer-network,PeerTrustNetwork,1.0,False,UPGRADE or fold into library,,8.7,KEEP-L1
/portal/physician-retirement,PhysicianRetirementBlueprint,1.0,False,UPGRADE or fold into library,,6.0,ENHANCE
/portal/private-credit,PrivateCredit,1.0,False,UPGRADE or fold into library,,3.0,MERGE
/portal/private-foundation,PrivateFoundationPlanner,1.0,False,UPGRADE or fold into library,,5.5,ENHANCE
/portal/private-placement,PrivatePlacement,1.0,False,UPGRADE or fold into library,,9.3,KEEP-L1
/portal/qualified-opportunity-fund,QualifiedOpportunityFund,1.0,False,UPGRADE or fold into library,,5.5,ENHANCE
/portal/section-199a,Section199AOptimizer,1.0,False,UPGRADE or fold into library,fabricated-constant,8.4,KEEP-L1
/portal/spousal-lifetime-access,SpousalLifetimeAccess,1.0,False,UPGRADE or fold into library,,5.5,ENHANCE
/portal/state-trust-planning,GraniteStateTrustPlanner,1.0,False,UPGRADE or fold into library,literal-chart-data,8.1,KEEP-L1
/portal/stress-test,PortfolioStressTest,1.0,False,UPGRADE or fold into library,fabricated-constant,6.4,ENHANCE
/portal/taxable-estate,TaxableEstateCalculator,1.0,False,UPGRADE or fold into library,fabricated-constant,8.4,KEEP-L1
/portal/wealth-erosion,WealthErosionTracker,1.0,False,UPGRADE or fold into library,,5.9,ENHANCE
/portal/wealth-transfer-scorecard,WealthTransferScorecard,1.0,False,UPGRADE or fold into library,,5.5,ENHANCE
/portal/whole-life-dividend,WholeLifeDividendEngine,1.0,False,UPGRADE or fold into library,literal-chart-data,9.5,KEEP-L1
/portal/withdrawal-rate,WithdrawalRateOptimizer,1.0,False,UPGRADE or fold into library,fabricated-constant,8.4,KEEP-L1
/portal/cost-segregation-engine,CostSegregationEngine,0.9,False,UPGRADE or fold into library,,5.5,ENHANCE
/portal/executive-bonus,ExecutiveBonusPlan,0.9,False,UPGRADE or fold into library,,9.1,KEEP-L1
/portal/organism-health,OrganismHealthReport,0.9,False,UPGRADE or fold into library,,5.5,ENHANCE
/portal/ppli-modeler,PPLIModeler,0.9,False,UPGRADE or fold into library,,9.3,KEEP-L1
/portal/premium-financing-calc,PremiumFinancingCalculator,0.9,False,UPGRADE or fold into library,,7.5,MERGE
/portal/retirement-income-proj,RetirementIncomeProjector,0.9,False,UPGRADE or fold into library,fabricated-constant,7.4,KEEP-L1
/portal/slat-planner,SLATPlanner,0.9,False,UPGRADE or fold into library,,5.6,MERGE
/portal/student-loan-optimizer,StudentLoanOptimizer,0.9,False,UPGRADE or fold into library,fabricated-constant,6.8,ENHANCE
/portal/tax-projection,TaxProjectionEngine,0.9,False,UPGRADE or fold into library,fabricated-constant,8.8,KEEP-L1
/portal/audit-defense,AuditDefensePrep,0.8,False,UPGRADE or fold into library,literal-chart-data,6.3,ENHANCE
/portal/calculator-hub,CalculatorHub,0.8,False,UPGRADE or fold into library,,7.1,KEEP-L1
/portal/flp-planner,FamilyLimitedPartnershipPlanner,0.8,False,UPGRADE or fold into library,literal-chart-data,3.4,MERGE
/portal/irc-reference,ComprehensiveIRCReferenceIndex,0.8,False,UPGRADE or fold into library,,5.0,ENHANCE
/portal/section-2701,Section2701ValuationPlanner,0.8,False,UPGRADE or fold into library,literal-chart-data,5.9,ENHANCE
/portal/special-needs,SpecialNeedsPlanner,0.8,False,UPGRADE or fold into library,literal-chart-data,6.3,ENHANCE
/portal/wealth-odyssey,WealthOdyssey,0.8,False,UPGRADE or fold into library,,1.0,CUT
/portal/withdrawal-sequencer,TaxEfficientWithdrawalSequencer,0.8,False,UPGRADE or fold into library,literal-chart-data,8.4,KEEP-L1
/portal/hsa-triple-tax,HSATripleTaxCalc,0.7,False,UPGRADE or fold into library,fabricated-constant,6.5,ENHANCE
/portal/ilit-calculator,ILITCalculator,0.7,False,UPGRADE or fold into library,fabricated-constant,8.7,KEEP-L1
/portal/physician-forum,PhysicianForum,0.7,False,UPGRADE or fold into library,,5.4,ENHANCE
/portal/wealth-timeline,WealthAccumulationTimeline,0.7,False,UPGRADE or fold into library,,5.5,ENHANCE
/portal/calc-interop-matrix,CalcInteropMatrix,0.6,False,UPGRADE or fold into library,,3.5,ABSORB/CUT
/portal/clt-engine,CharitableLeadTrustEngine,0.6,False,UPGRADE or fold into library,fabricated-constant,8.1,KEEP-L1
/portal/debt-payoff,DebtPayoffStrategy,0.6,False,UPGRADE or fold into library,fabricated-constant,6.4,ENHANCE
/portal/elite-showdown,EliteShowdown,0.6,False,UPGRADE or fold into library,,1.0,CUT
/portal/esop-analyzer,ESOPAnalyzer,0.6,False,UPGRADE or fold into library,fabricated-constant,8.9,KEEP-L1
/portal/esop-buyout,ESOPLeveragedBuyoutPlanner,0.6,False,UPGRADE or fold into library,fabricated-constant,9.4,KEEP-L1
/portal/financial-independence,FinancialIndependenceCalc,0.6,False,UPGRADE or fold into library,fabricated-constant,5.9,ENHANCE
/portal/grantor-trust,GrantorTrustStrategy,0.6,False,UPGRADE or fold into library,,7.7,KEEP-L1
/portal/ilit-deep-dive,ILITDeepDive,0.6,False,UPGRADE or fold into library,,5.8,MERGE
/portal/impact-scorecard,ImpactScorecard,0.6,False,UPGRADE or fold into library,,5.9,ENHANCE
/portal/oil-gas-strategy,OilGasTaxStrategy,0.6,False,UPGRADE or fold into library,,5.9,ENHANCE
/portal/retirement-distributions,RetirementPlanDistributionPlanner,0.6,False,UPGRADE or fold into library,fabricated-constant,6.4,ENHANCE
/portal/retirement-readiness,RetirementReadinessCenter,0.6,False,UPGRADE or fold into library,,4.5,ABSORB/CUT
/portal/section-1202,Section1202Planner,0.6,False,UPGRADE or fold into library,fabricated-constant,6.3,ENHANCE
/portal/social-security-maximizer,SocialSecurityMaximizer,0.6,False,UPGRADE or fold into library,fabricated-constant,8.3,KEEP-L1
/portal/structured-notes,StructuredNoteAnalyzer,0.6,False,UPGRADE or fold into library,fabricated-constant,5.9,ENHANCE
/portal/tax-optimization-command,TaxOptimizationCommand,0.6,False,UPGRADE or fold into library,,6.5,ENHANCE
/portal/199a-optimizer,Section199ADeductionOptimizer,0.5,False,UPGRADE or fold into library,fabricated-constant|literal-chart-data,8.4,KEEP-L1
/portal/529-vs-iul,Education529VsIULCalc,0.5,True,FIX FIRST — defective output,undeclared-var|fabricated-constant,9.5,KEEP-L1
/portal/aca-subsidy,ACASubsidyCalc,0.5,True,FIX FIRST — defective output,undeclared-var,5.9,ENHANCE
/portal/alert-command-center,AlertCommandCenter,0.5,False,UPGRADE or fold into library,,3.5,ABSORB/CUT
/portal/alimony-tax-impact,AlimonyTaxCalc,0.5,True,FIX FIRST — defective output,undeclared-var|fabricated-constant,6.5,ENHANCE
/portal/alternative-investment,AlternativeInvestment,0.5,False,UPGRADE or fold into library,fabricated-constant|literal-chart-data,5.9,ENHANCE
/portal/amt-analyzer,AMTAnalyzer,0.5,False,UPGRADE or fold into library,fabricated-constant|literal-chart-data,3.4,MERGE
/portal/amt-calculator,AMTCalculator,0.5,True,FIX FIRST — defective output,undeclared-var|fabricated-constant,6.5,ENHANCE
/portal/amt-planner,AlternativeMinimumTaxPlanner,0.5,False,UPGRADE or fold into library,fabricated-constant|literal-chart-data,5.9,ENHANCE
/portal/asset-allocation,AssetAllocationCalc,0.5,True,FIX FIRST — defective output,undeclared-var|fabricated-constant,6.5,ENHANCE
/portal/autopilot,AutoPilotWorkflow,0.5,False,UPGRADE or fold into library,,5.8,ENHANCE
/portal/backdoor-roth,BackdoorRothCalc,0.5,True,FIX FIRST — defective output,undeclared-var|fabricated-constant,9.0,KEEP-L1
/portal/beneficiary-ira,BeneficiaryIRAPlanner,0.5,False,UPGRADE or fold into library,fabricated-constant,8.1,KEEP-L1
/portal/bond-ladder,BondLadderCalc,0.5,True,FIX FIRST — defective output,undeclared-var|fabricated-constant,6.5,ENHANCE
/portal/budget-50-30-20,Budget503020Calc,0.5,True,FIX FIRST — defective output,undeclared-var,6.5,ENHANCE
/portal/business-entity,BusinessEntitySelector,0.5,False,UPGRADE or fold into library,fabricated-constant,8.9,KEEP-L1
/portal/business-exit,BusinessExitPlanner,0.5,False,UPGRADE or fold into library,fabricated-constant|literal-chart-data,8.9,KEEP-L1
/portal/business-valuation,BusinessValuationCalc,0.5,True,FIX FIRST — defective output,undeclared-var,9.5,KEEP-L1
/portal/capital-gains-tax,CapitalGainsTaxCalc,0.5,True,FIX FIRST — defective output,undeclared-var,9.0,KEEP-L1
/portal/captive-insurance,CaptiveInsuranceCalc,0.5,False,UPGRADE or fold into library,fabricated-constant,7.2,MERGE
/portal/cash-balance-plan,CashBalancePlanCalc,0.5,True,UPGRADE or fold into library,frozen-chart,5.9,ENHANCE
/portal/charitable-lead-trust,CharitableLeadTrust,0.5,False,UPGRADE or fold into library,fabricated-constant,5.6,MERGE
/portal/charitable-remainder-unitrust,CharitableRemainderUniTrust,0.5,False,UPGRADE or fold into library,fabricated-constant,8.1,KEEP-L1
/portal/charitable-stock-donation,CharitableStockCalc,0.5,True,FIX FIRST — defective output,undeclared-var,6.5,ENHANCE
/portal/client-presentation,ClientPresentationBuilder,0.5,False,UPGRADE or fold into library,literal-chart-data,8.1,KEEP-L1
/portal/compound-interest,CompoundInterestCalc,0.5,True,FIX FIRST — defective output,undeclared-var,6.5,ENHANCE
/portal/concierge,AIWealthConcierge,0.5,False,UPGRADE or fold into library,,5.5,ENHANCE
/portal/cost-of-living,CostOfLivingCalc,0.5,False,UPGRADE or fold into library,fabricated-constant,6.5,ENHANCE
/portal/cost-of-waiting,CostOfWaitingCalc,0.5,True,FIX FIRST — defective output,undeclared-var,6.5,ENHANCE
/portal/credit-card-payoff,CreditCardPayoffCalc,0.5,True,FIX FIRST — defective output,undeclared-var,6.5,ENHANCE
/portal/cross-calc-aggregation,CrossCalcAggregationHub,0.5,False,UPGRADE or fold into library,,3.5,ABSORB/CUT
/portal/crt-calculator,CRTCalculator,0.5,True,FIX FIRST — defective output,undeclared-var|fabricated-constant,6.5,ENHANCE
/portal/crt-deep-dive,CRTDeepDive,0.5,False,UPGRADE or fold into library,fabricated-constant,3.4,MERGE
/portal/crt-engine,CharitableRemainderTrustEngine,0.5,False,UPGRADE or fold into library,fabricated-constant|literal-chart-data,8.1,KEEP-L1
/portal/crut-deep-dive,CRUTDeepDive,0.5,False,UPGRADE or fold into library,fabricated-constant,8.1,KEEP-L1
/portal/crypto-tax,CryptoTaxCalc,0.5,True,FIX FIRST — defective output,undeclared-var,6.5,ENHANCE
/portal/daf-strategic,DAFStrategicPlanner,0.5,False,UPGRADE or fold into library,fabricated-constant|literal-chart-data,5.9,ENHANCE
/portal/daf-vs-direct-giving,DAFvsDirectCalc,0.5,True,FIX FIRST — defective output,undeclared-var,6.5,ENHANCE
/portal/data-completeness,DataCompletenessTracker,0.5,False,UPGRADE or fold into library,,3.5,ABSORB/CUT
/portal/data-flow-visualizer,DataFlowVisualizer,0.5,False,UPGRADE or fold into library,,3.5,ABSORB/CUT
/portal/dca-vs-lump-sum,DCAvsLumpSumCalc,0.5,True,FIX FIRST — defective output,undeclared-var,5.9,ENHANCE
/portal/debt-payoff-optimizer,DebtPayoffOptimizerCalc,0.5,True,FIX FIRST — defective output,undeclared-var|fabricated-constant,7.0,KEEP-L1
/portal/deduction-optimizer,DeductionOptimizerCalc,0.5,True,FIX FIRST — defective output,undeclared-var|fabricated-constant,6.5,ENHANCE
/portal/digital-estate,DigitalAssetEstatePlanner,0.5,False,UPGRADE or fold into library,literal-chart-data,7.7,KEEP-L1
/portal/disability-insurance-needs,DisabilityInsuranceCalc,0.5,False,UPGRADE or fold into library,fabricated-constant,8.7,KEEP-L1
/portal/divorce-financial,DivorceFinancialPlanner,0.5,True,UPGRADE or fold into library,frozen-chart|fabricated-constant,5.9,ENHANCE
/portal/drip-growth,DRIPGrowthCalc,0.5,True,FIX FIRST — defective output,undeclared-var,5.9,ENHANCE
/portal/emergency-fund-vs-iul,EmergencyFundVsIULCalc,0.5,True,FIX FIRST — defective output,undeclared-var,9.5,KEEP-L1
/portal/equity-compensation,EquityCompensationHub,0.5,False,UPGRADE or fold into library,fabricated-constant|literal-chart-data,8.9,KEEP-L1
/portal/esop-calculator,ESOPCalculator,0.5,False,UPGRADE or fold into library,fabricated-constant,7.0,MERGE
/portal/estate-wealth-transfer,EstateWealthTransfer,0.5,True,UPGRADE or fold into library,frozen-chart,7.7,KEEP-L1
/portal/expat-tax,ExpatTaxPlanner,0.5,False,UPGRADE or fold into library,fabricated-constant,5.9,ENHANCE
/portal/family-limited-partnership,FamilyLimitedPartnership,0.5,True,UPGRADE or fold into library,frozen-chart,5.5,ENHANCE
/portal/fee-impact,FeeImpactCalc,0.5,True,FIX FIRST — defective output,undeclared-var,6.5,ENHANCE
/portal/financial-freedom-number,FinancialFreedomCalc,0.5,True,FIX FIRST — defective output,undeclared-var|fabricated-constant,6.5,ENHANCE
/portal/fire-calculator,FIRECalculator,0.5,True,FIX FIRST — defective output,undeclared-var|fabricated-constant,6.5,ENHANCE
/portal/fluency-academy,FinancialFluencyAcademy,0.5,False,UPGRADE or fold into library,,6.8,ENHANCE
/portal/gain-loss-harvesting,TaxGainLossCalc,0.5,True,FIX FIRST — defective output,undeclared-var,9.0,KEEP-L1
/portal/grat-calculator,GRATCalculator,0.5,True,FIX FIRST — defective output,undeclared-var,8.1,KEEP-L1
/portal/idgt-advanced,IDGTAdvancedModeler,0.5,False,UPGRADE or fold into library,fabricated-constant,8.1,KEEP-L1
/portal/idgt-modeler,IDGTModeler,0.5,False,UPGRADE or fold into library,fabricated-constant,7.7,KEEP-L1
/portal/idr-comparison,IDRComparisonCalc,0.5,True,UPGRADE or fold into library,frozen-chart|fabricated-constant,8.5,KEEP-L1
/portal/ilit-analyzer,ILITAnalyzer,0.5,False,UPGRADE or fold into library,literal-chart-data,6.2,MERGE
/portal/income-floor,RetirementIncomeFloorPlanner,0.5,True,UPGRADE or fold into library,frozen-chart|fabricated-constant,5.4,MERGE
/portal/income-shifting,IncomeShiftingCalc,0.5,True,FIX FIRST — defective output,undeclared-var|fabricated-constant,6.5,ENHANCE
/portal/inflation-adjusted-income,InflationAdjustedCalc,0.5,True,FIX FIRST — defective output,undeclared-var|fabricated-constant,6.5,ENHANCE
/portal/innovation-dashboard,InnovationDashboard,0.5,False,UPGRADE or fold into library,,6.1,ENHANCE
/portal/installment-sale,InstallmentSaleCalc,0.5,True,FIX FIRST — defective output,undeclared-var|fabricated-constant,9.5,KEEP-L1
/portal/installment-sale-strategy,InstallmentSale,0.5,True,UPGRADE or fold into library,frozen-chart,6.0,MERGE
/portal/insurance-coverage-command,InsuranceCoverageCommand,0.5,False,UPGRADE or fold into library,,5.1,ENHANCE
/portal/insurance-gap,InsuranceGapAnalyzer,0.5,False,UPGRADE or fold into library,fabricated-constant,7.5,KEEP-L1
/portal/international-trust,InternationalTrustPlanner,0.5,False,UPGRADE or fold into library,literal-chart-data,8.1,KEEP-L1
/portal/journey-navigator,ClientJourneyNavigator,0.5,False,UPGRADE or fold into library,,6.2,ENHANCE
/portal/lease-vs-buy,LeaseVsBuyCalc,0.5,True,FIX FIRST — defective output,undeclared-var|fabricated-constant,6.5,ENHANCE
/portal/legacy-vault,LegacyVault,0.5,False,UPGRADE or fold into library,,7.2,KEEP-L1
/portal/lifestyle-inflation,LifestyleInflationCalc,0.5,True,FIX FIRST — defective output,undeclared-var,6.5,ENHANCE
/portal/like-kind-exchange,LikeKindExchangeCalc,0.5,True,FIX FIRST — defective output,frozen-chart|undeclared-var,6.5,ENHANCE
/portal/marginal-tax-rate,MarginalTaxRateCalc,0.5,True,FIX FIRST — defective output,undeclared-var|fabricated-constant,6.5,ENHANCE
/portal/mastery-nexus,MasteryNexus,0.5,False,UPGRADE or fold into library,,5.0,ENHANCE
/portal/medicare-irmaa-calc,MedicareIRMAACalc,0.5,True,FIX FIRST — defective output,undeclared-var,6.5,MERGE
/portal/mega-backdoor-roth,MegaBackdoorRothCalc,0.5,True,FIX FIRST — defective output,undeclared-var|fabricated-constant|baked-outperformance,9.0,KEEP-L1
/portal/mesh-health,MeshHealthMonitor,0.5,False,UPGRADE or fold into library,,3.5,ABSORB/CUT
/portal/millionaire-calculator,MillionaireCalc,0.5,True,FIX FIRST — defective output,undeclared-var|fabricated-constant,6.5,ENHANCE
/portal/multi-generational-wealth,MultiGenerationalWealthEngine,0.5,False,UPGRADE or fold into library,fabricated-constant|literal-chart-data,8.1,KEEP-L1
/portal/muni-bond-ladder,MuniBondLadderCalc,0.5,True,FIX FIRST — defective output,undeclared-var,6.5,ENHANCE
/portal/net-worth-tracker,NetWorthTrackerCalc,0.5,True,FIX FIRST — defective output,undeclared-var|fabricated-constant|baked-outperformance,7.0,KEEP-L1
/portal/nua-calculator,NUACalculator,0.5,True,FIX FIRST — defective output,undeclared-var|fabricated-constant,9.0,KEEP-L1
/portal/nua-planner,NetUnrealizedAppreciationPlanner,0.5,False,UPGRADE or fold into library,fabricated-constant|literal-chart-data,6.3,ENHANCE
/portal/options-profit-loss,OptionsProfitCalc,0.5,True,FIX FIRST — defective output,undeclared-var,6.5,ENHANCE
/portal/organism-deep-provider,OrganismDeepProvider,0.5,False,UPGRADE or fold into library,,3.5,ABSORB/CUT
/portal/own-occ-disability,OwnOccDisabilityCalc,0.5,True,UPGRADE or fold into library,frozen-chart|fabricated-constant|literal-chart-data,8.9,KEEP-L1
/portal/pe-irr-calculator,PrivateEquityIRRCalc,0.5,True,FIX FIRST — defective output,frozen-chart|undeclared-var|fabricated-constant,6.5,ENHANCE
/portal/pe-tax,PrivateEquityTaxPlanner,0.5,False,UPGRADE or fold into library,fabricated-constant|literal-chart-data,5.9,ENHANCE
/portal/peer-benchmarking,PeerBenchmarking,0.5,False,UPGRADE or fold into library,fabricated-constant,3.9,ABSORB/CUT
/portal/pension-max,PensionMaxCalc,0.5,False,UPGRADE or fold into library,fabricated-constant,8.5,KEEP-L1
/portal/pension-maximization,PensionMaximization,0.5,False,UPGRADE or fold into library,fabricated-constant,7.9,KEEP-L1
/portal/pension-vs-lump-sum,PensionVsLumpSumCalc,0.5,True,FIX FIRST — defective output,undeclared-var,8.5,KEEP-L1
/portal/physician-mortgage,PhysicianMortgageAnalyzer,0.5,True,UPGRADE or fold into library,frozen-chart|fabricated-constant|literal-chart-data,6.4,ENHANCE
/portal/portfolio-risk-return,PortfolioRiskCalc,0.5,True,FIX FIRST — defective output,undeclared-var|fabricated-constant,7.0,KEEP-L1
/portal/ppli,PrivatePlacementLifeInsurance,0.5,False,UPGRADE or fold into library,fabricated-constant,9.7,KEEP-L1
/portal/practice-valuation,PracticeValuation,0.5,False,UPGRADE or fold into library,fabricated-constant,8.9,KEEP-L1
/portal/property-tax-appeal,PropertyTaxAppealCalc,0.5,True,FIX FIRST — defective output,undeclared-var,6.5,ENHANCE
/portal/pslf-calculator,PSLFCalculator,0.5,True,UPGRADE or fold into library,frozen-chart|fabricated-constant,5.9,ENHANCE
/portal/qlac-calculator,QLACCalculator,0.5,True,FIX FIRST — defective output,undeclared-var|fabricated-constant,6.5,ENHANCE
/portal/qprt,QPRTPlanner,0.5,False,UPGRADE or fold into library,fabricated-constant|literal-chart-data,5.6,MERGE
/portal/qprt-calculator,QPRTCalculator,0.5,False,UPGRADE or fold into library,fabricated-constant,8.7,KEEP-L1
/portal/qualified-plan-maximizer,QualifiedPlanMaximizer,0.5,False,UPGRADE or fold into library,fabricated-constant,5.5,ENHANCE
/portal/real-estate-portfolio,RealEstatePortfolioManager,0.5,False,UPGRADE or fold into library,fabricated-constant,7.7,KEEP-L1
/portal/retirement-budget,RetirementBudgetCalc,0.5,True,FIX FIRST — defective output,undeclared-var,7.0,KEEP-L1
/portal/retirement-healthcare,RetirementHealthcareCalc,0.5,True,FIX FIRST — defective output,undeclared-var|fabricated-constant,7.0,KEEP-L1
/portal/reverse-mortgage,ReverseMortgageCalc,0.5,False,UPGRADE or fold into library,fabricated-constant,10.0,KEEP-L1
/portal/rmd-calculator,RMDCalculator,0.5,True,FIX FIRST — defective output,undeclared-var|fabricated-constant,9.0,KEEP-L1
/portal/roth-vs-traditional,RothVsTraditionalCalc,0.5,True,FIX FIRST — defective output,undeclared-var,6.5,ENHANCE
/portal/rsu-tax,RSUTaxCalc,0.5,True,FIX FIRST — defective output,undeclared-var|fabricated-constant,6.5,ENHANCE
/portal/safe-withdrawal-rate,SafeWithdrawalCalc,0.5,True,FIX FIRST — defective output,undeclared-var,8.4,KEEP-L1
/portal/savings-rate-impact,SavingsRateCalc,0.5,True,FIX FIRST — defective output,undeclared-var|fabricated-constant,6.5,ENHANCE
/portal/sector-rotation,SectorRotationCalc,0.5,True,FIX FIRST — defective output,undeclared-var|fabricated-constant,6.5,ENHANCE
/portal/self-employment-tax,SelfEmploymentTaxCalc,0.5,True,FIX FIRST — defective output,undeclared-var,6.5,ENHANCE
/portal/slat-deep-dive,SLATDeepDive,0.5,True,UPGRADE or fold into library,frozen-chart,8.1,KEEP-L1
/portal/smart-routing,SmartRoutingDashboard,0.5,False,UPGRADE or fold into library,,3.5,ABSORB/CUT
/portal/special-needs-trust,SpecialNeedsTrustCalc,0.5,True,FIX FIRST — defective output,undeclared-var,8.7,KEEP-L1
/portal/spousal-ss-coordination,SpousalSSCalc,0.5,True,FIX FIRST — defective output,undeclared-var,6.5,ENHANCE
/portal/state-tax-arbitrage,StateTaxArbitrageCalc,0.5,True,FIX FIRST — defective output,undeclared-var,6.5,ENHANCE
/portal/strategy-comparison,StrategyComparisonArena,0.5,False,UPGRADE or fold into library,,1.0,CUT
/portal/student-loan-vs-invest,StudentLoanVsInvestCalc,0.5,True,FIX FIRST — defective output,undeclared-var,7.0,KEEP-L1
/portal/succession-plan,SuccessionPlanCalc,0.5,True,FIX FIRST — defective output,undeclared-var,9.5,KEEP-L1
/portal/tax-bracket-navigator,TaxBracketNavigator,0.5,False,UPGRADE or fold into library,fabricated-constant|literal-chart-data,8.4,KEEP-L1
/portal/tax-equivalent-yield,TaxEquivalentYieldCalc,0.5,True,FIX FIRST — defective output,undeclared-var,9.0,KEEP-L1
/portal/tax-loss-harvest-calc,TaxLossHarvestCalc,0.5,True,FIX FIRST — defective output,frozen-chart|undeclared-var,9.0,KEEP-L1
/portal/tenant-in-common,TenantInCommonAnalyzer,0.5,False,UPGRADE or fold into library,fabricated-constant|literal-chart-data,5.9,ENHANCE
/portal/term-vs-whole-vs-iul,TermVsWholeVsIULCalc,0.5,False,UPGRADE or fold into library,fabricated-constant,9.5,KEEP-L1
/portal/trust-decanting,TrustDecantingPlanner,0.5,False,UPGRADE or fold into library,literal-chart-data,7.7,KEEP-L1
/portal/w4-optimizer,W4OptimizerCalc,0.5,True,FIX FIRST — defective output,undeclared-var|fabricated-constant,6.5,ENHANCE
/portal/wealth-dashboard,WealthDashboardSummary,0.5,False,UPGRADE or fold into library,literal-chart-data,5.5,ENHANCE
/portal/wealth-rituals,WealthRituals,0.5,False,UPGRADE or fold into library,,5.0,ENHANCE
/portal/wealth-transfer-scoreboard,WealthTransferScoreboard,0.5,False,UPGRADE or fold into library,fabricated-constant|literal-chart-data,5.5,ENHANCE
/portal/wealth-warrior,WealthWarriorChallenges,0.5,False,UPGRADE or fold into library,,1.0,CUT
/portal/zero-based-budget,ZeroBasedBudgetCalc,0.5,True,FIX FIRST — defective output,undeclared-var,6.5,ENHANCE
/portal/alternative-investments,AlternativeInvestmentDueDiligence,,UNKNOWN,UNGRADED,,,
/portal/mutual-carriers,MutualCarriers,,UNKNOWN,UNGRADED,,,
/portal/plastic-to-cash,PlasticToCash,,UNKNOWN,UNGRADED,,,
